key,english,current_arabic,screen,how_often,reviewed_arabic
states.loading.label,Loading,جارٍ التحميل,Owner web (shared) | T01/T09 Teacher tabs | T02–T08 Session record | T10/T13 Group | T11/T12 Student | T13 Records history,"every day, many times",
states.error.title,Something went wrong,حدث خطأ ما,T01/T09 Teacher tabs | T02–T08 Session record | T10/T13 Group | T11/T12 Student | T13 Records history,"every day, many times",
states.error.body,"We could not load this. Check your connection, then try again.",لم نتمكن من تحميل هذه الصفحة. تأكد من الاتصال ثم حاول مرة أخرى.,A03 Follow-up case | A06/A09 Parent message | A08/A10 Outcome | A05/A14 Sessions | A07 Rules | A16 People (pilot) | T01/T09 Teacher tabs | T02–T08 Session record | T11/T12 Student | T13 Records history,"every day, many times",
teacher.record.noDraft,No draft on this device,لا توجد مسودة على هذا الجهاز,T02–T08 Session record,"every day, many times",
common.retry,Try again,حاول مرة أخرى,T01/T09 Teacher tabs | T02–T08 Session record | T10/T13 Group | T11/T12 Student | T13 Records history | Quick guide: teacher,"every day, many times",
teacher.attendance.absent,Absent,غائب,A13 Students | A04 Student | A05/A14 Sessions | T02–T08 Session record | T10/T13 Group | T11/T12 Student | T13 Records history | Quick guide: teacher,"every day, many times",
teacher.attendance.late,Late,متأخر,A13 Students | A04 Student | A05/A14 Sessions | T02–T08 Session record | T10/T13 Group | T11/T12 Student | T13 Records history | Quick guide: teacher,"every day, many times",
teacher.attendance.present,Present,حاضر,A13 Students | A04 Student | A05/A14 Sessions | T02–T08 Session record | T10/T13 Group | T11/T12 Student | T13 Records history | Quick guide: teacher,"every day, many times",
common.counter,"{n, number} / {max, number}","{n, number} / {max, number}",A03 Follow-up case | A06/A09 Parent message | A08/A10 Outcome | A05/A14 Sessions | T02–T08 Session record | T11/T12 Student,"every day, many times",
states.missingData,Missing data is not absence.,البيانات الناقصة لا تعني الغياب.,A01 Today | T01/T09 Teacher tabs | T02–T08 Session record | T10/T13 Group | T11/T12 Student,"every day, many times",
states.offline.title,You are offline,أنت غير متصل بالإنترنت,T01/T09 Teacher tabs | T10/T13 Group | T13 Records history | Teacher app (shared),"every day, many times",
teacher.attendance.not_recorded,Not recorded,غير مسجَّل,A13 Students | A04 Student | A05/A14 Sessions | T02–T08 Session record | T10/T13 Group | T11/T12 Student | T13 Records history | Quick guide: teacher | Quick guide: Reception,"every day, many times",
teacher.review.counts,{present} present · {absent} absent · {late} late · {notRecorded} not recorded,{present} حاضر · {absent} غائب · {late} متأخر · {notRecorded} غير مسجَّل,A05/A14 Sessions | T02–T08 Session record | T13 Records history,"every day, many times",
common.loading,Loading…,جارٍ التحميل…,T02–T08 Session record | T11/T12 Student | T13 Records history,"every day, many times",
teacher.record.saveDraft,Save draft,حفظ كمسودة,T02–T08 Session record | Quick guide: teacher,"every day, many times",
teacher.voice.typeInstead,Type the note instead,اكتب الملاحظة بدلًا من ذلك,T02–T08 Session record | Quick guide: teacher,"every day, many times",
teacher.record.savedDraft,Draft saved. Not confirmed — no rules run on drafts.,تم حفظ المسودة. غير مؤكَّدة — القواعد لا تعمل على المسودات.,T02–T08 Session record,"every day, many times",
teacher.record.savedOnDevice,Saved on this device. It will sync when you are connected.,تم الحفظ على هذا الجهاز وسيُرسل عند الاتصال.,T02–T08 Session record,"every day, many times",
teacher.scores.fixFirst,"{count, plural, one {Fix {n} score to continue.} other {Fix {n} scores to continue.}}","{count, plural, zero {لا توجد درجات للتصحيح.} one {صحّح درجة واحدة للمتابعة.} two {صحّح درجتين للمتابعة.} few {صحّح {n} درجات للمتابعة.} many {صحّح {n} درجة للمتابعة.} other {صحّح {n} درجة للمتابعة.}}",T02–T08 Session record,"every day, many times",
teacher.scores.notANumber,"Enter a number, or leave it blank.",أدخل رقمًا أو اتركها فارغة.,T02–T08 Session record,"every day, many times",
teacher.scores.overMax,{value} exceeds the maximum of {max}. Correct it — Link never caps a score.,{value} أكبر من الدرجة القصوى {max}. صحّحها — Link لا يغيّر الدرجة من تلقاء نفسه.,T02–T08 Session record,"every day, many times",
teacher.understood.chooseStudent,Choose the student,اختر الطالب,T02–T08 Session record,"every day, many times",
teacher.understood.confirmIdentity,Confirm identity,تأكيد هوية الطالب,T02–T08 Session record,"every day, many times",
teacher.voice.processing,Listening to your note…,جارٍ الاستماع لملاحظتك…,T02–T08 Session record,"every day, many times",
teacher.voice.processingBody,Nothing is saved until you review it.,لا يُحفظ شيء قبل مراجعتك.,T02–T08 Session record,"every day, many times",
teacher.voice.sttDownBody,Your voice note stays queued and will be processed later. You can type the note instead.,ملاحظتك الصوتية محفوظة وستُعالج لاحقًا. يمكنك كتابة الملاحظة بدلًا من ذلك.,T02–T08 Session record,"every day, many times",
teacher.voice.sttDownTitle,Speech-to-text isn't responding,تحويل الكلام إلى نص لا يستجيب,T02–T08 Session record,"every day, many times",
states.offline.body,Your changes are safe. We will reconnect and update when you are back online.,تغييراتك محفوظة. سنعيد الاتصال ونحدّث الصفحة عند عودة الإنترنت.,T01/T09 Teacher tabs | T02–T08 Session record | T11/T12 Student | T13 Records history,"every day, many times",
owner.case.status.overdue,Overdue,متأخرة,A03 Follow-up case | Owner web (shared) | Quick guide: Reception,"every day, many times",
owner.today.reviewCase,Review case,راجع المتابعة,A01 Today | A02 Follow-ups | A04 Student | Quick guide: Reception,"every day, many times",
common.appName,Link,Link,Centre sign-in (pilot PIN) | Owner web (navigation) | Quick guide: teacher | Quick guide: Reception,"every day, many times",
owner.nav.followUps,Follow-ups,المتابعات,A03 Follow-up case | Owner web (navigation),"every day, many times",
teacher.understood.check,Check,راجِع,T02–T08 Session record | Quick guide: teacher | Quick guide: owner,"every day, many times",
owner.case.due,Due {date},مستحقة {date},A01 Today | A02 Follow-ups,"every day, many times",
owner.msg.status.draft,Draft — not sent,مسودة — لم تُرسل,A06/A09 Parent message | Owner web (shared),"every day, many times",
owner.pilot.logReply,Log the guardian's reply,سجّل ردّ وليّ الأمر,A03 Follow-up case | A06/A09 Parent message | Quick guide: Reception,"every day, many times",
owner.today.noFlags,No confirmed records currently meet an active rule. This does not prove that all students are doing well.,لا توجد سجلات مؤكَّدة تطابق قاعدة مفعّلة حاليًا. هذا لا يثبت أن كل الطلاب بخير.,A01 Today | A02 Follow-ups,"every day, many times",
teacher.tabs.earnings,Earnings,الأرباح,T01/T09 Teacher tabs,"every day, many times",
teacher.tabs.rooms,Rooms,القاعات,T01/T09 Teacher tabs,"every day, many times",
owner.case.status.awaiting_confirmation,Awaiting confirmation,بانتظار التأكيد,A08/A10 Outcome | Owner web (shared),"every day, many times",
teacher.scores.notEntered,Not entered,لم تُسجَّل,A13 Students | T02–T08 Session record | T11/T12 Student,"every day, many times",
owner.nav.activity,Activity history,سجل النشاط,Owner web (navigation) | Quick guide: Reception | Quick guide: owner,"every day, many times",
teacher.attendance.continue,Continue to scores,التالي: الدرجات,T02–T08 Session record | Quick guide: teacher,"every day, many times",
teacher.attendance.markRemaining,Mark remaining present,سجّل الباقين حاضرين,T02–T08 Session record | Quick guide: teacher,"every day, many times",
teacher.observation.title,Add an observation,أضف ملاحظة,T02–T08 Session record | Quick guide: teacher,"every day, many times",
teacher.review.confirm,Confirm & save record,تأكيد وحفظ السجل,T02–T08 Session record | Quick guide: teacher,"every day, many times",
teacher.review.groupNote,Next time (whole group),المرة القادمة (المجموعة كلها),A05/A14 Sessions | T02–T08 Session record,"every day, many times",
teacher.review.onlyConfirmed,Only confirmed records trigger rules or reach centre staff.,السجلات المؤكَّدة فقط هي التي تشغّل القواعد وتصل للإدارة.,T02–T08 Session record | Quick guide: teacher,"every day, many times",
teacher.review.title,Review before saving,مراجعة قبل الحفظ,T02–T08 Session record | Quick guide: teacher,"every day, many times",
teacher.understood.accept,Accept,قبول,T02–T08 Session record | Quick guide: teacher,"every day, many times",
teacher.understood.edit,Edit,تعديل,T02–T08 Session record | Quick guide: teacher,"every day, many times",
teacher.understood.skip,Skip — don't save,تخطَّ — لا تحفظ,T02–T08 Session record | Quick guide: teacher,"every day, many times",
teacher.understood.whoIsThis,Who is this?,مَن هذا الطالب؟,T02–T08 Session record | Quick guide: teacher,"every day, many times",
teacher.voice.tipNext,Next time: anything to revisit,المرة القادمة: ما تحتاج مراجعته,T02–T08 Session record | Quick guide: teacher,"every day, many times",
owner.followUps.filters,Filters,عوامل التصفية,A02 Follow-ups | A11 Parent communication | A13 Students | A05/A14 Sessions | A17 Activity,"every day, many times",
teacher.understood.title,Here's what Link understood,هذا ما فهمه Link,T02–T08 Session record | Quick guide: teacher,"every day, many times",
common.back,Back,رجوع,Teacher app (shared),"every day, many times",
common.stepOf,"Step {current, number} of {total, number}","الخطوة {current, number} من {total, number}",Teacher app (shared),"every day, many times",
owner.msg.status.delivered,Delivered,وصلت,Owner web (shared) | Quick guide: Reception,"every day, many times",
owner.msg.status.read,Read,قُرئت,Owner web (shared) | Quick guide: Reception,"every day, many times",
owner.nav.rules,Rules & settings,القواعد والإعدادات,Owner web (navigation) | Quick guide: owner,"every day, many times",
owner.nav.sessions,Sessions,الحصص,A05/A14 Sessions | Owner web (navigation),"every day, many times",
owner.nav.students,Students,الطلاب,A04 Student | Owner web (navigation),"every day, many times",
owner.today.subtitle,Start with the follow-ups that need action.,ابدأ بالمتابعات التي تحتاج إجراء.,A01 Today | Quick guide: Reception,"every day, many times",
teacher.attendance.addNote,Add a note about {name},أضف ملاحظة عن {name},T02–T08 Session record,"every day, many times",
teacher.attendance.footnote,"Choose Present, Absent or Late explicitly. Save a draft if attendance is incomplete.",اختر حاضر أو غائب أو متأخر بوضوح. احفظ مسودة إذا لم يكتمل الحضور.,T02–T08 Session record,"every day, many times",
teacher.attendance.lateMinutes,"Minutes late, {name}",دقائق التأخير، {name},T02–T08 Session record,"every day, many times",
teacher.attendance.lateMinutesPlaceholder,Minutes late (optional),دقائق التأخير (اختياري),T02–T08 Session record,"every day, many times",
teacher.attendance.markedCount,{marked} of {total} marked • Tap ✎ to add a note about a student,تم تحديد {marked} من {total} • اضغط ✎ لإضافة ملاحظة عن طالب,T02–T08 Session record,"every day, many times",
teacher.attendance.reviewBody,"Unmarked students remain ""Not recorded"".","الطلاب غير المحدَّدين يبقون ""غير مسجَّل"".",T02–T08 Session record,"every day, many times",
teacher.attendance.reviewTitle,Review before confirming,راجع قبل التأكيد,T02–T08 Session record,"every day, many times",
teacher.attendance.title,Confirm attendance,تأكيد الحضور,T02–T08 Session record,"every day, many times",
teacher.failed.backToReview,Return to review,العودة للمراجعة,T02–T08 Session record,"every day, many times",
teacher.failed.connection,Connection interrupted,انقطع الاتصال,T02–T08 Session record,"every day, many times",
teacher.failed.notConfirmed,The record is not confirmed. No rules or parent updates have been triggered.,السجل غير مؤكَّد. لم تُشغَّل أي قواعد ولم يُرسل أي تحديث لأولياء الأمور.,T02–T08 Session record,"every day, many times",
teacher.failed.retry,Retry saving,أعد محاولة الحفظ,T02–T08 Session record,"every day, many times",
teacher.failed.stillFailing,Still couldn't save. Your draft is safe — try again in a moment.,ما زال الحفظ متعذّرًا. مسودتك في أمان — حاول بعد لحظات.,T02–T08 Session record,"every day, many times",
teacher.failed.subtitle,Your draft is available on this screen.,مسودتك متاحة على هذه الشاشة.,T02–T08 Session record,"every day, many times",
teacher.failed.title,Couldn't save this record,تعذّر حفظ هذا السجل,T02–T08 Session record,"every day, many times",
teacher.header.context,Al Nour Centre • Sample data,مركز النور • بيانات تجريبية,Teacher app (shared),"every day, many times",
teacher.header.role,Teacher,المعلّم,Teacher app (shared),"every day, many times",
teacher.identity.alreadyDone,This item no longer needs a choice.,هذا العنصر لم يعد يحتاج اختيارًا.,T02–T08 Session record,"every day, many times",
teacher.identity.back,Return to the review,العودة للمراجعة,T02–T08 Session record,"every day, many times",
teacher.identity.from,From:,من:,T02–T08 Session record,"every day, many times",
teacher.identity.nothingSaved,Nothing has been saved,لم يُحفظ شيء,T02–T08 Session record,"every day, many times",
teacher.identity.nothingSavedBody,Select the correct student before this item can be saved. Link never guesses.,اختر الطالب الصحيح قبل حفظ هذا العنصر. Link لا يخمّن أبدًا.,T02–T08 Session record,"every day, many times",
teacher.identity.option,"Student option {n, number}","الاختيار {n, number}",T02–T08 Session record,"every day, many times",
teacher.identity.others,Other students in this group,باقي طلاب المجموعة,T02–T08 Session record,"every day, many times",
teacher.identity.pickFirst,Pick a student,اختر طالبًا,T02–T08 Session record,"every day, many times",
teacher.identity.skip,Skip this item — don't save it,تخطَّ هذا العنصر — لا تحفظه,T02–T08 Session record,"every day, many times",
teacher.identity.subtitle,"{count, plural, one {A note mentioned ""{mention}"". One student matches.} other {A note mentioned ""{mention}"". Several students match.}}","{count, plural, one {ذُكر ""{mention}"" في الملاحظة. يطابقه طالب واحد.} two {ذُكر ""{mention}"" في الملاحظة. يطابقه طالبان.} few {ذُكر ""{mention}"" في الملاحظة. يطابقه أكثر من طالب.} many {ذُكر ""{mention}"" في الملاحظة. يطابقه أكثر من طالب.} other {ذُكر ""{mention}"" في الملاحظة. يطابقه أكثر من طالب.}}",T02–T08 Session record,"every day, many times",
teacher.identity.suggested,Sounds like — check before you choose,اسم قريب في النطق — تأكّد قبل الاختيار,T02–T08 Session record,"every day, many times",
teacher.identity.title,Check the student,تحقّق من الطالب,T02–T08 Session record,"every day, many times",
teacher.identity.unknownSubtitle,"A note mentioned ""{mention}"" — Link didn't recognise this name. Pick the student, or skip this item.","ذُكر ""{mention}"" في الملاحظة ولم يتعرّف Link على الاسم. اختر الطالب أو تخطَّ هذا العنصر.",T02–T08 Session record,"every day, many times",
teacher.identity.use,Use {name},استخدم {name},T02–T08 Session record,"every day, many times",
teacher.observation.internal,Internal teaching notes are not automatically shared with parents.,ملاحظات التدريس الداخلية لا تُرسل لأولياء الأمور تلقائيًا.,T02–T08 Session record,"every day, many times",
teacher.observation.none,No additional observations,لا توجد ملاحظات إضافية,T02–T08 Session record,"every day, many times",
teacher.observation.recordVoice,Record voice note,سجّل ملاحظة صوتية,T02–T08 Session record,"every day, many times",
teacher.observation.review,Review session record,راجع سجل الحصة,T02–T08 Session record,"every day, many times",
teacher.observation.reviewVoice,Review what Link understood,راجع ما فهمه Link,T02–T08 Session record,"every day, many times",
teacher.observation.speakBody,"Mention the student, what happened and anything to revisit next session.",اذكر الطالب، وما حدث، وأي شيء تراجعه في الحصة القادمة.,T02–T08 Session record,"every day, many times",
teacher.observation.speakTitle,Speak naturally,اتكلّم براحتك,T02–T08 Session record,"every day, many times",
teacher.observation.voiceApplied,Added to this record,أُضيفت للسجل,T02–T08 Session record,"every day, many times",
teacher.observation.voiceNote,Voice note • {seconds} s,ملاحظة صوتية • {seconds} ث,T02–T08 Session record,"every day, many times",
teacher.observation.voiceQueued,Waiting to upload,تنتظر الرفع,T02–T08 Session record,"every day, many times",
teacher.observation.voiceQueuedBody,Saved on this device. It uploads by itself when you are connected.,محفوظة على الجهاز وتُرفع تلقائيًا عند الاتصال.,T02–T08 Session record,"every day, many times",
teacher.observation.voiceUploaded,Ready to review,جاهزة للمراجعة,T02–T08 Session record,"every day, many times",
teacher.observation.writeLabel,Or write a note for next time,أو اكتب ملاحظة للحصة القادمة,T02–T08 Session record,"every day, many times",
teacher.observation.writePlaceholder,e.g. Revisit sign rules with two worked examples.,مثال: نراجع قواعد الإشارات بمثالين محلولين.,T02–T08 Session record,"every day, many times",
teacher.offline.body,You're offline. Drafts and voice notes stay on this device and sync when you're back.,أنت غير متصل. المسودات والملاحظات الصوتية محفوظة على الجهاز وتُرسل عند عودة الاتصال.,Teacher app (shared),"every day, many times",
teacher.pilot.headerContext,{centre} • Pilot,{centre} • تجربة,Teacher app (shared),"every day, many times",
teacher.pilot.typeInsteadBody,Voice notes are off for you. The owner switches them on for you after your signed consent. Type the note below; attendance and scores work by tap.,الملاحظات الصوتية غير مفعّلة لك. يشغّلها لك المالك بعد موافقتك الموقّعة. اكتب الملاحظة بالأسفل؛ الحضور والدرجات تعمل باللمس.,T02–T08 Session record,"every day, many times",
teacher.pilot.typeInsteadTitle,Type the note instead,اكتب الملاحظة بدلًا من ذلك,T02–T08 Session record,"every day, many times",
teacher.record.noDraftBody,Open the session from Today to start its record.,افتح الحصة من شاشة اليوم لبدء سجلها.,T02–T08 Session record,"every day, many times",
teacher.record.stepOptional,"Step {current, number} of {total, number} · Optional","الخطوة {current, number} من {total, number} · اختياري",Teacher app (shared),"every day, many times",
teacher.review.attendance,Attendance,الحضور,T02–T08 Session record,"every day, many times",
teacher.review.backToEdit,Back to edit,العودة للتعديل,T02–T08 Session record,"every day, many times",
teacher.review.identityItem,A voice item needs the right student,عنصر صوتي يحتاج تحديد الطالب,T02–T08 Session record,"every day, many times",
teacher.review.identityOpen,Confirm the student for every voice item before saving.,أكّد الطالب لكل عنصر صوتي قبل الحفظ.,T02–T08 Session record,"every day, many times",
teacher.review.internalOnly,Teachers & centre admin only,للمعلّم والإدارة فقط,T02–T08 Session record,"every day, many times",
teacher.review.otherScores,Other scores: not entered,بقية الدرجات: لم تُسجَّل,T02–T08 Session record,"every day, many times",
teacher.review.scoresTitle,{title} • Out of {max},{title} • الدرجة من {max},T02–T08 Session record,"every day, many times",
teacher.saved.backToday,Back to today,العودة لليوم,T02–T08 Session record,"every day, many times",
teacher.saved.confirmedBy,Confirmed by {name},أكّدته {name},T02–T08 Session record,"every day, many times",
teacher.saved.correctBody,Open the record and add a correction. The original remains in the history.,افتح السجل وأضف تصحيحًا. الأصل يبقى في السجل التاريخي.,T02–T08 Session record,"every day, many times",
teacher.saved.correctTitle,Need to correct something?,تحتاج تصحيح شيء؟,T02–T08 Session record,"every day, many times",
teacher.saved.flagsBody,A flag starts a review. It does not predict that a student will leave.,التنبيه يبدأ مراجعة، ولا يتوقّع أن الطالب سيترك.,T02–T08 Session record,"every day, many times",
teacher.saved.flagsTitle,This record raised a follow-up for centre staff,هذا السجل أنشأ متابعة لإدارة المركز,T02–T08 Session record,"every day, many times",
teacher.saved.nextTime,Ready for next time,جاهز للمرة القادمة,T02–T08 Session record,"every day, many times",
teacher.saved.nextTimeBody,Your next-session brief will remind you of what to revisit.,ملخّص الحصة القادمة سيذكّرك بما تحتاج مراجعته.,T02–T08 Session record,"every day, many times",
teacher.saved.receipt,Record receipt,إيصال السجل,T02–T08 Session record,"every day, many times",
teacher.saved.reviewRecord,Review saved record,راجع السجل المحفوظ,T02–T08 Session record,"every day, many times",
teacher.saved.teacherConfirmed,Teacher confirmed,أكّده المعلّم,T02–T08 Session record,"every day, many times",
teacher.saved.title,Session record saved,تم حفظ سجل الحصة,T02–T08 Session record,"every day, many times",
teacher.saved.what,"Attendance, {scores, plural, one {{s} score} other {{s} scores}} and {observations, plural, one {{o} observation} other {{o} observations}} saved.","تم حفظ الحضور و{scores, plural, zero {بلا درجات} one {درجة واحدة} two {درجتين} few {{s} درجات} many {{s} درجة} other {{s} درجة}} و{observations, plural, zero {بلا ملاحظات} one {ملاحظة واحدة} two {ملاحظتين} few {{o} ملاحظات} many {{o} ملاحظة} other {{o} ملاحظة}}.",T02–T08 Session record,"every day, many times",
teacher.scores.absent,Absent — no score. Absence is recorded separately.,غائب — بلا درجة. الغياب يُسجَّل منفصلًا.,T02–T08 Session record,"every day, many times",
teacher.scores.absentNoScore,An absent student has no score.,الطالب الغائب ليس له درجة.,T02–T08 Session record,"every day, many times",
teacher.scores.assessment,Assessment,التقييم,T02–T08 Session record,"every day, many times",
teacher.scores.assessmentPlaceholder,e.g. Sign rules • Practice quiz,مثال: قواعد الإشارات • كويز تدريبي,T02–T08 Session record,"every day, many times",
teacher.scores.continue,Continue to observations,التالي: الملاحظات,T02–T08 Session record,"every day, many times",
teacher.scores.footnote,Blank scores stay blank. Absence is separate.,الدرجات الفارغة تبقى فارغة. الغياب منفصل.,T02–T08 Session record,"every day, many times",
teacher.scores.max,Maximum score,الدرجة القصوى,T02–T08 Session record,"every day, many times",
teacher.scores.needMax,Enter the maximum score first.,أدخل الدرجة القصوى أولًا.,T02–T08 Session record,"every day, many times",
teacher.scores.newSeries,New series,سلسلة جديدة,T02–T08 Session record,"every day, many times",
teacher.scores.none,No assessment this session,لا يوجد تقييم في هذه الحصة,T02–T08 Session record,"every day, many times",
teacher.scores.noSeries,Not part of a series,ليس ضمن سلسلة,T02–T08 Session record,"every day, many times",
teacher.scores.outOf,out of {max},من {max},T02–T08 Session record,"every day, many times",
teacher.scores.series,Assessment series,سلسلة التقييم,T02–T08 Session record,"every day, many times",
teacher.scores.seriesHelp,Results in the same series can be compared over time.,نتائج السلسلة الواحدة يمكن مقارنتها مع الوقت.,T02–T08 Session record,"every day, many times",
teacher.scores.setupFirst,Name the assessment and its maximum before entering scores.,اكتب اسم التقييم ودرجته القصوى قبل إدخال الدرجات.,T02–T08 Session record,"every day, many times",
teacher.scores.title,Any scores to add?,هل توجد درجات لإضافتها؟,T02–T08 Session record,"every day, many times",
teacher.storage.encrypted,Drafts and recordings on this device are encrypted.,المسودات والتسجيلات على هذا الجهاز مشفّرة.,Teacher app (shared),"every day, many times",
teacher.storage.placeholder,Drafts and recordings on this device: not encrypted — placeholder storage for development.,المسودات والتسجيلات على هذا الجهاز: غير مشفّرة — تخزين مؤقت للتطوير.,Teacher app (shared),"every day, many times",
teacher.understood.accepted,Accepted,مقبول,T02–T08 Session record,"every day, many times",
teacher.understood.apply,Add to the record,أضِف إلى السجل,T02–T08 Session record,"every day, many times",
teacher.understood.applyHint,"{count, plural, =0 {Choose what to do with the students who were not mentioned.} one {Decide on {n} more item, and on the students not mentioned.} other {Decide on {n} more items, and on the students not mentioned.}}","{count, plural, =0 {اختر ما تفعله مع الطلاب الذين لم يُذكروا.} one {قرّر بشأن عنصر واحد آخر، وبشأن الطلاب الذين لم يُذكروا.} two {قرّر بشأن عنصرين آخرين، وبشأن الطلاب الذين لم يُذكروا.} few {قرّر بشأن {n} عناصر أخرى، وبشأن الطلاب الذين لم يُذكروا.} many {قرّر بشأن {n} عنصرًا آخر، وبشأن الطلاب الذين لم يُذكروا.} other {قرّر بشأن {n} عنصر آخر، وبشأن الطلاب الذين لم يُذكروا.}}",T02–T08 Session record,"every day, many times",
teacher.understood.attendance,Attendance,الحضور,T02–T08 Session record,"every day, many times",
teacher.understood.blank,Not sure — fill it in,غير متأكد — أكمِلها,T02–T08 Session record,"every day, many times",
teacher.understood.fieldAttendance,Attendance,الحضور,T02–T08 Session record,"every day, many times",
teacher.understood.fieldObservation,Observation (internal),ملاحظة (داخلية),T02–T08 Session record,"every day, many times",
teacher.understood.fieldScore,Score (out of {max}),الدرجة (من {max}),T02–T08 Session record,"every day, many times",
teacher.understood.fillIn,Fill in what you said,اكتب ما قلته,T02–T08 Session record,"every day, many times",
teacher.understood.from,From:,من:,T02–T08 Session record,"every day, many times",
teacher.understood.keepForLater,Keep — choose the student before confirming,احتفظ به — اختر الطالب قبل التأكيد,T02–T08 Session record,"every day, many times",
teacher.understood.leaveNotRecorded,Leave not recorded,اتركهم غير مسجَّلين,T02–T08 Session record,"every day, many times",
teacher.understood.markPresent,"{count, plural, one {Mark {n} present} other {Mark {n} present}}","{count, plural, zero {لا أحد} one {سجّل طالبًا واحدًا حاضرًا} two {سجّل الطالبين حاضرين} few {سجّل {n} طلاب حاضرين} many {سجّل {n} طالبًا حاضرين} other {سجّل {n} طالب حاضرين}}",T02–T08 Session record,"every day, many times",
teacher.understood.needsYou,Needs you,يحتاجك,T02–T08 Session record,"every day, many times",
teacher.understood.observation,Observation,الملاحظة,T02–T08 Session record,"every day, many times",
teacher.understood.pause,Pause,إيقاف مؤقت,T02–T08 Session record,"every day, many times",
teacher.understood.play,Play,تشغيل,T02–T08 Session record,"every day, many times",
teacher.understood.receiptNote,"Kept so you can check and undo. Parents never see it, and it isn't used in reports. Only the records below are saved.",محفوظ لتتمكّن من المراجعة والتراجع. لا يراه أولياء الأمور ولا يُستخدم في التقارير. يُحفظ فقط ما تؤكّده أدناه.,T02–T08 Session record,"every day, many times",
teacher.understood.receiptOnly,Receipt only,إيصال فقط,T02–T08 Session record,"every day, many times",
teacher.understood.scores,Scores,الدرجات,T02–T08 Session record,"every day, many times",
teacher.understood.scoresOf,"Scores • {title}, out of {max}",الدرجات • {title}، من {max},T02–T08 Session record,"every day, many times",
teacher.understood.skipped,Skipped,تم التخطي,T02–T08 Session record,"every day, many times",
teacher.understood.subtitle,From your {seconds}-second voice note • Nothing saved yet,من ملاحظتك الصوتية ({seconds} ث) • لم يُحفظ شيء بعد,T02–T08 Session record,"every day, many times",
teacher.understood.tapToReplay,Tap to replay,اضغط لإعادة التشغيل,T02–T08 Session record,"every day, many times",
teacher.understood.transcriptLabel,Transcript • what you said,النص • ما قلته,T02–T08 Session record,"every day, many times",
teacher.understood.unmentioned,"{count, plural, one {{n} student wasn't mentioned. Mark them present, or leave them ""Not recorded"".} other {{n} students weren't mentioned. Mark them present, or leave them ""Not recorded"".}}","{count, plural, zero {لم يُذكر أي طالب آخر.} one {طالب واحد لم يُذكر. سجّله حاضرًا أو اتركه ""غير مسجَّل"".} two {طالبان لم يُذكرا. سجّلهما حاضرين أو اتركهما ""غير مسجَّل"".} few {{n} طلاب لم يُذكروا. سجّلهم حاضرين أو اتركهم ""غير مسجَّل"".} many {{n} طالبًا لم يُذكروا. سجّلهم حاضرين أو اتركهم ""غير مسجَّل"".} other {{n} طالب لم يُذكروا. سجّلهم حاضرين أو اتركهم ""غير مسجَّل"".}}",T02–T08 Session record,"every day, many times",
teacher.understood.useThis,Use this,استخدم هذا,T02–T08 Session record,"every day, many times",
teacher.understood.whoIs,"""{mention}"" — which student?","""{mention}"" — أي طالب؟",T02–T08 Session record,"every day, many times",
teacher.understood.wholeGroup,Whole group • next time,المجموعة كلها • المرة القادمة,T02–T08 Session record,"every day, many times",
teacher.understood.yourRecording,Your recording • {seconds} s,تسجيلك • {seconds} ث,T02–T08 Session record,"every day, many times",
teacher.voice.a11yName,"Record a voice note. Double-tap to start, double-tap again to finish.",سجّل ملاحظة صوتية. اضغط مرتين للبدء، ومرتين مرة أخرى للإنهاء.,T02–T08 Session record,"every day, many times",
teacher.voice.backToRecord,Back to the record,العودة إلى السجل,T02–T08 Session record,"every day, many times",
teacher.voice.cancel,Cancel recording,إلغاء التسجيل,T02–T08 Session record,"every day, many times",
teacher.voice.cancelArmed,Release to cancel,اترك للإلغاء,T02–T08 Session record,"every day, many times",
teacher.voice.cancelled,Recording discarded. Nothing was saved.,تم تجاهل التسجيل. لم يُحفظ شيء.,T02–T08 Session record,"every day, many times",
teacher.voice.failedBody,"The recording is kept. Try again, or type the note instead.",التسجيل محفوظ. حاول مرة أخرى، أو اكتب الملاحظة بدلًا من ذلك.,T02–T08 Session record,"every day, many times",
teacher.voice.failedTitle,We couldn't process this note,تعذّرت معالجة هذه الملاحظة,T02–T08 Session record,"every day, many times",
teacher.voice.hold,Hold to speak,اضغط مطولًا وتكلّم,T02–T08 Session record,"every day, many times",
teacher.voice.holdAndSpeak,Hold and speak,اضغط مطولًا وتكلّم,T02–T08 Session record,"every day, many times",
teacher.voice.micOffBody,"Turn it on in Settings to record, or type the note instead.",فعّله من الإعدادات للتسجيل، أو اكتب الملاحظة بدلًا من ذلك.,T02–T08 Session record,"every day, many times",
teacher.voice.micOffTitle,Microphone access is off,الوصول إلى الميكروفون متوقف,T02–T08 Session record,"every day, many times",
teacher.voice.nothingSaved,Nothing is saved until you review what the AI understood.,لا يُحفظ شيء قبل أن تراجع ما فهمه الذكاء الاصطناعي.,T02–T08 Session record,"every day, many times",
teacher.voice.offlineHint,You're offline. You can still record; the note uploads later.,أنت غير متصل. يمكنك التسجيل، وستُرفع الملاحظة لاحقًا.,T02–T08 Session record,"every day, many times",
teacher.voice.openSettings,Open Settings,افتح الإعدادات,T02–T08 Session record,"every day, many times",
teacher.voice.processingEta,"{count, plural, one {Processing your note on the centre laptop… about {n} second left.} other {Processing your note on the centre laptop… about {n} seconds left.}}","{count, plural, =0 {جارٍ معالجة ملاحظتك على لابتوب المركز…} one {جارٍ معالجة ملاحظتك على لابتوب المركز… باقٍ ثانية تقريبًا.} two {جارٍ معالجة ملاحظتك على لابتوب المركز… باقٍ ثانيتان تقريبًا.} few {جارٍ معالجة ملاحظتك على لابتوب المركز… باقٍ {n} ثوانٍ تقريبًا.} many {جارٍ معالجة ملاحظتك على لابتوب المركز… باقٍ {n} ثانية تقريبًا.} other {جارٍ معالجة ملاحظتك على لابتوب المركز… باقٍ {n} ثانية تقريبًا.}}",T02–T08 Session record,"every day, many times",
teacher.voice.queuedBody,You're offline. The voice note will upload when you're back online — even if you close the app.,أنت غير متصل. ستُرفع الملاحظة الصوتية عند عودة الاتصال — حتى لو أغلقت التطبيق.,T02–T08 Session record,"every day, many times",
teacher.voice.queuedTitle,Saved on this device,محفوظة على هذا الجهاز,T02–T08 Session record,"every day, many times",
teacher.voice.recording,Recording,جارٍ التسجيل,T02–T08 Session record,"every day, many times",
teacher.voice.release,Release to finish,اترك للإنهاء,T02–T08 Session record,"every day, many times",
teacher.voice.retry,Try again,حاول مرة أخرى,T02–T08 Session record,"every day, many times",
teacher.voice.slide,Slide toward the start edge to cancel,اسحب نحو بداية الشاشة للإلغاء,T02–T08 Session record,"every day, many times",
teacher.voice.tipsTitle,Say it the way you'd tell a colleague,قُلها كما تحكيها لزميل,T02–T08 Session record,"every day, many times",
teacher.voice.tipWhat,"What happened: absent, late, score, behaviour",ماذا حدث: غياب، تأخير، درجة، سلوك,T02–T08 Session record,"every day, many times",
teacher.voice.tipWho,Who: say the student's name,مَن: اذكر اسم الطالب,T02–T08 Session record,"every day, many times",
teacher.voice.title,Add session notes,أضف ملاحظات الحصة,T02–T08 Session record,"every day, many times",
owner.msg.backToCase,Back to the follow-up,العودة للمتابعة,A06/A09 Parent message | A08/A10 Outcome,"every day, many times",
centre.nav.label,Centre navigation,قائمة المركز,Owner web (navigation),"every day, many times",
centre.nav.staff,Staff,الموظفون,Owner web (navigation),"every day, many times",
centre.nav.workspace,Workspace,مساحة العمل,Owner web (navigation),"every day, many times",
owner.assistant.open,Ask Link,اسأل Link,Owner web (navigation),"every day, many times",
owner.case.attempts,"{count, plural, one {{n} contact recorded} other {{n} contacts recorded}}","{count, plural, zero {لا تواصل مسجّل} one {تواصل واحد مسجّل} two {تواصلان مسجّلان} few {{n} محاولات تواصل} many {{n} محاولة تواصل} other {{n} محاولة تواصل}}",A01 Today,"every day, many times",
owner.case.dismiss,Dismiss with a reason,أغلق مع ذكر السبب,A03 Follow-up case | Quick guide: Reception,"every day, many times",
owner.case.draftMessage,Draft parent message,صِغ رسالة لوليّ الأمر,A03 Follow-up case | Quick guide: Reception,"every day, many times",
owner.case.evidence,Source records,السجلات المصدر,A03 Follow-up case | Quick guide: Reception,"every day, many times",
owner.case.nextAction,Next action,الإجراء التالي,A03 Follow-up case | Quick guide: Reception,"every day, many times",
owner.case.noContact,No contact recorded,لم يُسجَّل أي تواصل,A01 Today,"every day, many times",
owner.case.reopen,Reopen,أعد الفتح,A03 Follow-up case | Quick guide: Reception,"every day, many times",
owner.case.status.dismissed,Dismissed,مُغلقة,Owner web (shared),"every day, many times",
owner.case.status.in_progress,Contact attempted,تمت محاولة التواصل,Owner web (shared),"every day, many times",
owner.case.status.open,New — no contact yet,جديدة — لم يتم التواصل,Owner web (shared),"every day, many times",
owner.case.status.resolved,Resolved,تم الحل,Owner web (shared),"every day, many times",
owner.case.why,Why this appeared,لماذا ظهرت هذه المتابعة,A03 Follow-up case | Quick guide: Reception,"every day, many times",
owner.centreNotFound.back,Go to my centre,اذهب إلى مركزي,Owner web (navigation),"every day, many times",
owner.centreNotFound.body,"This centre doesn't exist, or your account can't open it.",هذا المركز غير موجود، أو لا يمكن لحسابك فتحه.,Owner web (navigation),"every day, many times",
owner.centreNotFound.title,We couldn't find this centre,لم نجد هذا المركز,Owner web (navigation),"every day, many times",
owner.msg.status.approved,Approved,معتمدة,Owner web (shared),"every day, many times",
owner.msg.status.failed,Failed,فشل الإرسال,Owner web (shared),"every day, many times",
owner.msg.status.not_sendable,Can't be sent,لا يمكن إرسالها,Owner web (shared),"every day, many times",
owner.msg.status.queued,Queued,في قائمة الإرسال,Owner web (shared),"every day, many times",
owner.msg.status.sent,Sent,أُرسلت,Owner web (shared),"every day, many times",
owner.nav.communication,Parent communication,التواصل مع أولياء الأمور,Owner web (navigation),"every day, many times",
owner.nav.today,Today,اليوم,Owner web (navigation),"every day, many times",
owner.pilot.badge,Pilot,تجربة,Owner web (navigation),"every day, many times",
owner.pilot.breadcrumb,{centre} / Centre operations,{centre} / تشغيل المركز,Owner web (navigation),"every day, many times",
owner.pilot.sentShort,Sent by hand,أُرسلت يدويًا,A03 Follow-up case | A11 Parent communication,"every day, many times",
owner.pilot.whoAreYou,Who is signing in?,مَن يسجّل الدخول؟,Centre sign-in (pilot PIN) | Teacher sign-in (pilot PIN) | T13 Records history | Quick guide: Reception,"every day, many times",
owner.shell.breadcrumb,Al Nour / Centre operations,مركز النور / تشغيل المركز,Owner web (navigation),"every day, many times",
owner.shell.centre,Al Nour Centre,مركز النور,Owner web (navigation),"every day, many times",
owner.shell.sampleData,Sample data,بيانات تجريبية,Owner web (navigation),"every day, many times",
owner.shell.signedInAs,Signed in as {name},مسجّل الدخول باسم {name},Owner web (navigation),"every day, many times",
owner.shell.signOut,Sign out,تسجيل الخروج,Owner web (navigation),"every day, many times",
owner.shell.workspace,Owner workspace,مساحة عمل المالك,Owner web (navigation),"every day, many times",
owner.today.allRecorded,Every session in the last two weeks has a confirmed record.,كل حصص آخر أسبوعين لها سجل مؤكَّد.,A01 Today,"every day, many times",
owner.today.assignedTo,Assigned to {names},مُسند إلى {names},A01 Today,"every day, many times",
owner.today.complete,Records complete,السجلات المكتملة,A01 Today,"every day, many times",
owner.today.confirmedByTeachers,Confirmed by teachers,أكّدها المعلّمون,A01 Today,"every day, many times",
owner.today.due,"{count, plural, one {Follow-up due} other {Follow-ups due}}","{count, plural, zero {متابعات مستحقة} one {متابعة مستحقة} two {متابعتان مستحقتان} few {متابعات مستحقة} many {متابعة مستحقة} other {متابعة مستحقة}}",A01 Today,"every day, many times",
owner.today.dueContext,"{count, plural, =0 {Nothing overdue} one {{n} is overdue} other {{n} are overdue}}","{count, plural, =0 {لا شيء متأخر} one {واحدة متأخرة} two {اثنتان متأخرتان} few {{n} متأخرة} many {{n} متأخرة} other {{n} متأخرة}}",A01 Today,"every day, many times",
owner.today.followUpToday,Follow up today,تابع اليوم,A01 Today,"every day, many times",
owner.today.keepComplete,Keep the record complete,حافظ على اكتمال السجل,A01 Today,"every day, many times",
owner.today.missing,"{count, plural, one {Missing session record} other {Missing session records}}","{count, plural, zero {سجلات حصص ناقصة} one {سجل حصة ناقص} two {سجلا حصتين ناقصان} few {سجلات حصص ناقصة} many {سجل حصة ناقصًا} other {سجل حصة ناقص}}",A01 Today,"every day, many times",
owner.today.missingBody,Students are not flagged absent when a session record is missing.,لا يُعتبر الطالب غائبًا عندما يكون سجل الحصة ناقصًا.,A01 Today,"every day, many times",
owner.today.noOverdue,No follow-up is past its due date.,لا توجد متابعة تجاوزت موعدها.,A01 Today,"every day, many times",
owner.today.ofEligible,Of {n} eligible sessions (last 2 weeks),من {n} حصص مؤهلة (آخر أسبوعين),A01 Today,"every day, many times",
owner.today.overdue,"{count, plural, one {Overdue action} other {Overdue actions}}","{count, plural, zero {إجراءات متأخرة} one {إجراء متأخر} two {إجراءان متأخران} few {إجراءات متأخرة} many {إجراءً متأخرًا} other {إجراء متأخر}}",A01 Today,"every day, many times",
owner.today.recordDraft,record awaiting confirmation,سجل بانتظار التأكيد,A01 Today,"every day, many times",
owner.today.recordMissing,no record yet,لا يوجد سجل بعد,A01 Today,"every day, many times",
owner.today.reviewSessions,Review sessions,راجع الحصص,A01 Today,"every day, many times",
owner.today.title,Today,اليوم,A01 Today,"every day, many times",
teacher.common.students,"{count, plural, one {{n} student} other {{n} students}}","{count, plural, zero {لا يوجد طلاب} one {طالب واحد} two {طالبان} few {{n} طلاب} many {{n} طالبًا} other {{n} طالب}}",T01/T09 Teacher tabs | T10/T13 Group,"every day, many times",
teacher.tabs.today,Today,اليوم,T01/T09 Teacher tabs | Quick guide: Reception,"every day, many times",
teacher.today.completeRecord,Complete session record,أكمل سجل الحصة,T01/T09 Teacher tabs | Quick guide: teacher,"every day, many times",
teacher.today.title,Your teaching day,يومك التعليمي,T01/T09 Teacher tabs | Quick guide: teacher,"every day, many times",
landing.cta.pilot,Request a free pilot,اطلب تجربة مجانية,Website: the two buttons,every day,
landing.cta.try,Try Link with your centre,جرّب لينك على مركزك,Website: the two buttons,every day,
landing.demo.banner,Demo — sample data,عرض تجريبي — بيانات تجريبية,Demo banner and pilot card (path A),every day,
landing.demo.cardBody,"A free pilot of about 7 days, set up with you.",تجربة مجانية لمدة أسبوع تقريبًا، نجهّزها معك.,Demo banner and pilot card (path A),every day,
landing.demo.cardCta,Request a free pilot,اطلب تجربة مجانية,Demo banner and pilot card (path A),every day,
landing.demo.cardLater,Not now,ليس الآن,Demo banner and pilot card (path A),every day,
landing.demo.cardTitle,Want this for your real centre?,تحب تجرّب ده في مركزك الحقيقي؟,Demo banner and pilot card (path A),every day,
landing.demo.reset,Reset demo,إعادة ضبط العرض,Demo banner and pilot card (path A),every day,
landing.faq.a1,"No. Attendance is a few taps, and a short voice note in Egyptian Arabic covers the rest. Teachers can type instead if they prefer. Either way, the teacher checks and confirms before anything is saved.",لا. الحضور ببضع لمسات، وملاحظة صوتية قصيرة بالعامية تكفي للباقي، ويمكن للمعلّم الكتابة إن فضّل. وفي الحالتين يراجع المعلّم ويؤكّد قبل حفظ أي شيء.,Website: FAQ,every day,
landing.faq.a2,"It makes mistakes, especially with names and numbers. That's why the teacher sees every item to accept, edit or skip, and Link never guesses a student. In a pilot, voice is switched on for a teacher only after we check it on your centre's own notes.",يخطئ أحيانًا، خصوصًا في الأسماء والأرقام. لذلك يرى المعلّم كل عنصر ليقبله أو يعدّله أو يتخطّاه، ولا يخمّن لينك اسم أي طالب. وفي التجربة لا يُشغَّل الصوت لمعلّم إلا بعد أن نختبره على ملاحظات مركزك.,Website: FAQ,every day,
landing.faq.a3,"No. Link drafts the message; a staff member checks and approves every one. In the pilot, your staff send the approved text from your centre's own WhatsApp.",لا. لينك يصوغ الرسالة فقط، وأحد الفريق يراجع كل رسالة ويعتمدها. وفي التجربة يرسل فريقك النص المعتمد من واتساب المركز نفسه.,Website: FAQ,every day,
landing.faq.a4,The pilot is free. Prices for after the pilot aren't final yet; we'll agree them with you before anything is charged.,التجربة مجانية. أسعار ما بعد التجربة لم تُحدَّد بعد، وسنتّفق عليها معك قبل أي دفع.,Website: FAQ,every day,
landing.faq.a5,"Yes. ""Try Link with your centre"" opens a demo with sample students in your browser, under your centre's name. Nothing you type there is sent to us.",نعم. «جرّب لينك على مركزك» يفتح عرضًا تجريبيًا بطلاب تجريبيين في متصفّحك باسم مركزك، ولا يُرسَل إلينا أي شيء تكتبه هناك.,Website: FAQ,every day,
landing.faq.a6,"Only your centre's staff, each according to their role. In a pilot, students appear by first name or nickname, without phone numbers, and the data stays on a laptop at your centre.",فريق مركزك فقط، كلٌّ حسب دوره. وفي التجربة يظهر الطلاب بالاسم الأول أو اسم التدليل بلا أرقام هواتف، وتبقى البيانات على لابتوب في مركزك.,Website: FAQ,every day,
landing.faq.eyebrow,FAQ,أسئلة شائعة,Website: FAQ,every day,
landing.faq.lead,Can't find your answer? Request a free pilot and we'll walk you through how Link would work at your centre.,لم تجد إجابتك؟ اطلب تجربة مجانية وسنشرح لك كيف يعمل لينك في مركزك.,Website: FAQ,every day,
landing.faq.q1,Do teachers need to type anything?,هل يحتاج المعلّمون إلى الكتابة؟,Website: FAQ,every day,
landing.faq.q2,How accurate is the Arabic transcription?,ما مدى دقة تفريغ الكلام العربي؟,Website: FAQ,every day,
landing.faq.q3,Does Link message parents automatically?,هل يراسل لينك أولياء الأمور تلقائيًا؟,Website: FAQ,every day,
landing.faq.q4,What does Link cost?,كم يكلّف لينك؟,Website: FAQ,every day,
landing.faq.q5,Can we try it without talking to anyone?,هل يمكن تجربته بدون التواصل مع أحد؟,Website: FAQ,every day,
landing.faq.q6,Who can see our centre's data?,مَن يستطيع رؤية بيانات مركزنا؟,Website: FAQ,every day,
landing.faq.title,Questions centres ask us,أسئلة تسألها المراكز,Website: FAQ,every day,
landing.footer.contact,Contact,تواصل معنا,Website: footer,every day,
landing.footer.contactBody,Use the free pilot form and we'll get back to you.,استخدم نموذج التجربة المجانية وسنعود إليك.,Website: footer,every day,
landing.footer.language,Language,اللغة,Website: footer,every day,
landing.footer.privacy,Privacy,الخصوصية,Website: footer,every day,
landing.footer.privacyBody,"The demo runs in your browser with sample data; nothing you type there reaches us. The pilot form sends your details to the Link team by email, only to contact you. We count page visits and two button clicks without cookies or personal data.",العرض التجريبي يعمل في متصفّحك ببيانات تجريبية، ولا يصلنا شيء مما تكتبه فيه. نموذج التجربة يرسل بياناتك لفريق لينك بالبريد الإلكتروني للتواصل معك فقط. نحسب عدد الزيارات ونقرتين على الأزرار بدون كوكيز أو بيانات شخصية.,Website: footer,every day,
landing.footer.rights,© 2026 Link.,© ٢٠٢٦ لينك.,Website: footer,every day,
landing.footer.tagline,"Follow-up for tutoring centres in Egypt. Teachers speak, Link does the follow-up, people decide.",متابعة الطلاب لمراكز الدروس في مصر. المعلّم يتكلّم، ولينك يتابع، والناس يقرّرون.,Website: footer,every day,
landing.form.area,Area,المنطقة,Website: pilot request form,every day,
landing.form.areaHint,e.g. Nasr City,مثل: مدينة نصر,Website: pilot request form,every day,
landing.form.centre,Centre name,اسم المركز,Website: pilot request form,every day,
landing.form.consent,I agree that the Link team may contact me about a pilot. My details are used for nothing else.,أوافق على أن يتواصل معي فريق لينك بخصوص التجربة، ولن تُستخدم بياناتي لأي غرض آخر.,Website: pilot request form,every day,
landing.form.contact,Your name,اسمك,Website: pilot request form,every day,
landing.form.doneBody,"Meanwhile, you can try Link with your centre's name.",وفي الأثناء، يمكنك تجربة لينك باسم مركزك.,Website: pilot request form,every day,
landing.form.doneTitle,Thank you! We'll contact you within one working day.,شكرًا! هنتواصل معاك خلال يوم عمل.,Website: pilot request form,every day,
landing.form.errArea,Write your centre's area.,اكتب منطقة المركز.,Website: pilot request form,every day,
landing.form.errCentre,Write your centre's name.,اكتب اسم المركز.,Website: pilot request form,every day,
landing.form.errConsent,Tick the box so we may contact you.,ضع علامة في المربّع حتى نستطيع التواصل معك.,Website: pilot request form,every day,
landing.form.errContact,Write your name.,اكتب اسمك.,Website: pilot request form,every day,
landing.form.errPhone,Write an Egyptian mobile number (11 digits starting with 01).,اكتب رقم موبايل مصري (١١ رقمًا يبدأ بـ ٠١).,Website: pilot request form,every day,
landing.form.errRate,Too many requests from this connection. Try again in a few minutes.,طلبات كثيرة من هذا الاتصال. حاول مرة أخرى بعد بضع دقائق.,Website: pilot request form,every day,
landing.form.errSend,We couldn't send your request. Please try again.,لم نستطع إرسال طلبك. حاول مرة أخرى من فضلك.,Website: pilot request form,every day,
landing.form.errTeachers,Write a number from 1 to 500.,اكتب رقمًا من ١ إلى ٥٠٠.,Website: pilot request form,every day,
landing.form.honeypot,Leave this empty,اترك هذا فارغًا,Website: pilot request form,every day,
landing.form.phone,Phone or WhatsApp,الهاتف أو واتساب,Website: pilot request form,every day,
landing.form.phoneHint,"Egyptian mobile number, e.g. 010 1234 5678",رقم موبايل مصري، مثل ٠١٠ ١٢٣٤ ٥٦٧٨,Website: pilot request form,every day,
landing.form.privacy,"Sent to the Link team by email, only to contact you about a pilot. We don't store it anywhere else.",يُرسَل إلى فريق لينك بالبريد الإلكتروني، فقط للتواصل معك بخصوص التجربة، ولا نحفظه في أي مكان آخر.,Website: pilot request form,every day,
landing.form.required,Required,مطلوب,Website: pilot request form,every day,
landing.form.sending,Sending…,جارٍ الإرسال…,Website: pilot request form,every day,
landing.form.submit,Request a free pilot,اطلب تجربة مجانية,Website: pilot request form,every day,
landing.form.teachers,Number of teachers,عدد المعلّمين,Website: pilot request form,every day,
landing.form.title,Request a free pilot,اطلب تجربة مجانية,Website: pilot request form,every day,
landing.hero.attendance,Attendance,الحضور,Website: hero,every day,
landing.hero.check1,Egyptian Arabic voice notes,ملاحظات صوتية بالعامية المصرية,Website: hero,every day,
landing.hero.check2,Teacher confirms every record,المعلّم يؤكّد كل سجل,Website: hero,every day,
landing.hero.check3,Staff approve every message,الفريق يعتمد كل رسالة,Website: hero,every day,
landing.hero.eyebrow,Follow-up for tutoring centres · Egypt,متابعة الطلاب لمراكز الدروس · مصر,Website: hero,every day,
landing.hero.flagAssigned,Mariam · assigned to Reception,مريم · مُسندة إلى الاستقبال,Website: hero,every day,
landing.hero.flagDue,Due today,مستحقة اليوم,Website: hero,every day,
landing.hero.flagTitle,2 absences in a row,غياب حصتين متتاليتين,Website: hero,every day,
landing.hero.flagType,Flag · Attendance,تنبيه · الحضور,Website: hero,every day,
landing.hero.lead,"Link is the follow-up tool for tutoring centres. After class the teacher speaks a short note. Link turns it into records, raises a readable flag when a student starts slipping, and drafts a parent update for your staff to approve.",لينك أداة متابعة لمراكز الدروس. بعد الحصة يسجّل المعلّم ملاحظة صوتية قصيرة، فيحوّلها لينك إلى سجلات، وينبّهك بقاعدة واضحة عندما يبدأ طالب في التراجع، ويصوغ رسالة لوليّ الأمر يعتمدها فريقك.,Website: hero,every day,
landing.hero.present,Present,حاضر,Website: hero,every day,
landing.hero.quiz,Quiz,الكويز,Website: hero,every day,
landing.hero.quizScore,14 / 20,١٤ / ٢٠,Website: hero,every day,
landing.hero.recordName,Ahmed Samir,أحمد سمير,Website: hero,every day,
landing.hero.recordTag,Record confirmed,سجل مؤكَّد,Website: hero,every day,
landing.hero.sample,Sample data · fictional names,بيانات تجريبية · أسماء خيالية,Website: hero,every day,
landing.hero.teacherConfirmed,Teacher confirmed,أكّده المعلّم,Website: hero,every day,
landing.hero.titleA,Students drift away,الطلاب يبتعدون بهدوء,Website: hero,every day,
landing.hero.titleB,before anyone notices.,قبل أن ينتبه أحد.,Website: hero,every day,
landing.hero.transcribed,Transcribed,تم التفريغ,Website: hero,every day,
landing.hero.visualLabel,"How a note becomes a follow-up, with sample data",كيف تتحوّل الملاحظة إلى متابعة، ببيانات تجريبية,Website: hero,every day,
landing.hero.voiceMeta,Maths · Secondary 2 · 0:42,رياضيات · ٢ ثانوي · ٠:٤٢,Website: hero,every day,
landing.hero.voiceText,مريم غابت النهارده، وأحمد جاب ١٤ من ٢٠ في الكويز…,مريم غابت النهارده، وأحمد جاب ١٤ من ٢٠ في الكويز…,Website: hero,every day,
landing.hero.voiceTitle,Voice note · Ms Salma,ملاحظة صوتية · أ. سلمى,Website: hero,every day,
landing.hero.waApproved,Approved by Dina,اعتمدتها دينا,Website: hero,every day,
landing.hero.waText,مساء الخير، مريم غابت حصتين متتاليتين. هل كل شيء بخير؟ يسعدنا نساعدها تعوّض اللي فاتها.,مساء الخير، مريم غابت حصتين متتاليتين. هل كل شيء بخير؟ يسعدنا نساعدها تعوّض اللي فاتها.,Website: hero,every day,
landing.hero.waTitle,WhatsApp update · Mariam's parent,تحديث واتساب · وليّ أمر مريم,Website: hero,every day,
landing.how.eyebrow,How it works,كيف يعمل,Website: how it works,every day,
landing.how.lead,"Teachers don't fill in forms. Staff don't chase paper. Everyone can see what happens next. These are the real screens, with sample data.",المعلّمون لا يملؤون نماذج، والفريق لا يطارد الأوراق، والجميع يعرف الخطوة التالية. هذه هي الشاشات الحقيقية، ببيانات تجريبية.,Website: how it works,every day,
landing.how.s1Body,"After class, the teacher holds the button and speaks a short note in Egyptian Arabic. It works offline and uploads later.",بعد الحصة يضغط المعلّم مطولًا ويسجّل ملاحظة قصيرة بالعامية. يعمل بدون إنترنت ويرفعها لاحقًا.,Website: how it works,every day,
landing.how.s1Title,The teacher speaks,المعلّم يتكلّم,Website: how it works,every day,
landing.how.s2Body,"Link shows what it understood: attendance, scores, notes. The teacher accepts, edits or skips each item. Nothing is saved before that.",يعرض لينك ما فهمه: الحضور والدرجات والملاحظات. يقبل المعلّم كل عنصر أو يعدّله أو يتخطّاه، ولا يُحفظ شيء قبل ذلك.,Website: how it works,every day,
landing.how.s2Title,The teacher confirms,المعلّم يؤكّد,Website: how it works,every day,
landing.how.s3Body,"A rule you can read, like ""2 absences in a row"", raises a flag, with the dates and the records behind it.",قاعدة واضحة مثل «غياب حصتين متتاليتين» تُطلق تنبيهًا، ومعه التواريخ والسجلات التي بُني عليها.,Website: how it works,every day,
landing.how.s3Title,A readable flag,تنبيه مقروء,Website: how it works,every day,
landing.how.s4Body,"Every flag becomes a follow-up with an owner and a due date, so nothing quietly disappears.",كل تنبيه يصبح متابعة لها مسؤول وموعد، فلا يضيع شيء بهدوء.,Website: how it works,every day,
landing.how.s4Title,An assigned follow-up,متابعة لها مسؤول,Website: how it works,every day,
landing.how.s5Body,"Link drafts a short message from the confirmed facts. A staff member checks it, ticks, and approves. Nothing reaches a parent without that.",يصوغ لينك رسالة قصيرة من الحقائق المؤكَّدة، ويراجعها أحد الفريق ويعتمدها. لا يصل شيء لوليّ الأمر بدون ذلك.,Website: how it works,every day,
landing.how.s5Title,An approved parent message,رسالة معتمدة لوليّ الأمر,Website: how it works,every day,
landing.how.s6Body,"Staff record what happened. The follow-up stays open until the student is back, and every step stays in the history.",يسجّل الفريق ما حدث، وتبقى المتابعة مفتوحة حتى يعود الطالب، وكل خطوة تبقى في السجل.,Website: how it works,every day,
landing.how.s6Title,A logged outcome,نتيجة مسجَّلة,Website: how it works,every day,
landing.how.sample,Screens shown with sample data.,الشاشات معروضة ببيانات تجريبية.,Website: how it works,every day,
landing.how.shotAlt1,Teacher app: recording a voice note,تطبيق المعلّم: تسجيل ملاحظة صوتية,Website: how it works,every day,
landing.how.shotAlt2,"Teacher app: what Link understood, item by item",تطبيق المعلّم: ما فهمه لينك، عنصرًا عنصرًا,Website: how it works,every day,
landing.how.shotAlt3,Owner web: why this follow-up appeared,واجهة المركز: لماذا ظهرت هذه المتابعة,Website: how it works,every day,
landing.how.shotAlt4,Owner web: follow-ups with an owner and a due date,واجهة المركز: المتابعات ومسؤولها وموعدها,Website: how it works,every day,
landing.how.shotAlt5,Owner web: reviewing a parent message before approval,واجهة المركز: مراجعة رسالة وليّ الأمر قبل اعتمادها,Website: how it works,every day,
landing.how.shotAlt6,"Owner web: the outcome recorded, waiting for confirmation",واجهة المركز: تسجيل النتيجة بانتظار التأكيد,Website: how it works,every day,
landing.how.title,From a voice note to a logged outcome,من ملاحظة صوتية إلى نتيجة مسجَّلة,Website: how it works,every day,
landing.join.eyebrow,Free pilot,تجربة مجانية,Website: request section,every day,
landing.join.lead,Tell us about your centre. We'll contact you to plan a free pilot of about 7 days.,أخبرنا عن مركزك، وسنتواصل معك لنخطّط لتجربة مجانية لمدة أسبوع تقريبًا.,Website: request section,every day,
landing.join.title,Give every concern an owner before a student drifts away.,اجعل لكل ملاحظة مسؤولًا قبل أن يبتعد الطالب.,Website: request section,every day,
landing.meta.description,"Teachers speak a short note after class. Link turns it into records, raises a readable flag when a student starts slipping, and drafts a parent update your staff approve. Try it with your centre's name, or request a free pilot.",يسجّل المعلّم ملاحظة صوتية قصيرة بعد الحصة، فيحوّلها لينك إلى سجلات، وينبّهك بقاعدة واضحة عندما يبدأ طالب في التراجع، ويصوغ رسالة لوليّ الأمر يعتمدها فريقك. جرّبه باسم مركزك أو اطلب تجربة مجانية.,Website: search and social cards,every day,
landing.meta.title,Link — follow-up for tutoring centres in Egypt,لينك — متابعة الطلاب لمراكز الدروس في مصر,Website: search and social cards,every day,
landing.nav.faq,FAQ,أسئلة شائعة,Website: header,every day,
landing.nav.how,How it works,كيف يعمل,Website: header,every day,
landing.nav.label,Main,الرئيسية,Website: header,every day,
landing.nav.pilot,The pilot,التجربة,Website: header,every day,
landing.nav.signIn,Sign in (pilot centres),دخول مراكز التجربة,Website: header,every day,
landing.nav.trust,Trust,الثقة,Website: header,every day,
landing.pilot.d0Body,"We set up Link on a laptop at your centre, add your groups and students by first name only, and train your staff in about 25 minutes.",نجهّز لينك على لابتوب في مركزك، ونضيف المجموعات والطلاب بالاسم الأول فقط، وندرّب فريقك في حوالي ٢٥ دقيقة.,Website: how a pilot works,every day,
landing.pilot.d0Title,Before day one,قبل اليوم الأول,Website: how a pilot works,every day,
landing.pilot.dayBody,After each session the teacher confirms attendance on their phone in a few taps. Reception works the follow-ups on Today and sends the approved messages from your centre's WhatsApp.,بعد كل حصة يؤكّد المعلّم الحضور على هاتفه ببضع لمسات، ويتابع الاستقبال المتابعات من شاشة «اليوم» ويرسل الرسائل المعتمدة من واتساب المركز.,Website: how a pilot works,every day,
landing.pilot.days,About 7 days,حوالي ٧ أيام,Website: how a pilot works,every day,
landing.pilot.dayTitle,Each day,كل يوم,Website: how a pilot works,every day,
landing.pilot.endBody,"You get your own follow-up report: records confirmed, flags raised and what happened to each follow-up. Then you decide whether to continue.",تحصل على تقرير المتابعة الخاص بمركزك: السجلات المؤكَّدة، والتنبيهات، وما حدث في كل متابعة. ثم تقرّر إن كنت تريد الاستمرار.,Website: how a pilot works,every day,
landing.pilot.endTitle,At the end,في النهاية,Website: how a pilot works,every day,
landing.pilot.eyebrow,How a pilot works,كيف تتم التجربة,Website: how a pilot works,every day,
landing.pilot.free,Free,مجانية,Website: how a pilot works,every day,
landing.pilot.lead,"We set it up with you, your staff use it on real days, and you keep what you learn.",نجهّزها معك، ويستخدمها فريقك في أيام عمل حقيقية، ويبقى لك ما تتعلّمه.,Website: how a pilot works,every day,
landing.pilot.title,"A free pilot, about 7 days, at your centre",تجربة مجانية لمدة أسبوع تقريبًا، في مركزك,Website: how a pilot works,every day,
landing.problem.body,"In most centres, what a teacher notices lives in their head, on a paper register or somewhere in a WhatsApp group. Nobody owns the next step, and by the time someone connects the dots the student has already stopped coming.",في أغلب المراكز يبقى ما يلاحظه المعلّم في ذهنه، أو في كشف ورقي، أو في رسالة ضائعة على مجموعة واتساب. لا أحد مسؤول عن الخطوة التالية، وعندما يربط أحدٌ الأحداث ببعضها يكون الطالب قد توقّف عن الحضور.,Website: the problem,every day,
landing.problem.cardTag,Illustrative scenario,مثال توضيحي,Website: the problem,every day,
landing.problem.cardTitle,Omar's month without a system,شهر عمر بلا نظام,Website: the problem,every day,
landing.problem.eyebrow,The problem,المشكلة,Website: the problem,every day,
landing.problem.link,Link gives every concern an owner and a due date.,لينك يجعل لكل ملاحظة مسؤولًا وموعدًا.,Website: the problem,every day,
landing.problem.tag1,Paper registers,كشوف ورقية,Website: the problem,every day,
landing.problem.tag2,WhatsApp groups,مجموعات واتساب,Website: the problem,every day,
landing.problem.tag3,Spreadsheets,جداول إكسل,Website: the problem,every day,
landing.problem.tag4,Someone's memory,ذاكرة أحدهم,Website: the problem,every day,
landing.problem.title,A concern is noticed. Then nobody follows up.,يلاحظ أحدٌ مشكلة… ثم لا يتابعها أحد.,Website: the problem,every day,
landing.problem.w1,Week 1,الأسبوع ١,Website: the problem,every day,
landing.problem.w1Body,Mentioned in the staff room. Never written down.,قيلت في غرفة المعلّمين، ولم تُكتب في أي مكان.,Website: the problem,every day,
landing.problem.w1Title,The teacher notices Omar is lost in multi-step problems,المعلّم يلاحظ أن عمر يتلخبط في المسائل الطويلة,Website: the problem,every day,
landing.problem.w2,Week 2,الأسبوع ٢,Website: the problem,every day,
landing.problem.w2Body,Nobody links it to what the teacher saw.,لا أحد يربطها بما لاحظه المعلّم.,Website: the problem,every day,
landing.problem.w2Title,Omar misses a class,عمر يغيب عن حصة,Website: the problem,every day,
landing.problem.w3,Week 3,الأسبوع ٣,Website: the problem,every day,
landing.problem.w3Body,Recorded on paper. No one is asked to call home.,مسجَّل على الورق، ولا أحد مكلَّف بالاتصال بالبيت.,Website: the problem,every day,
landing.problem.w3Title,He misses another. His quiz score drops.,يغيب مرة أخرى، وتنخفض درجته في الكويز.,Website: the problem,every day,
landing.problem.w4,Week 4,الأسبوع ٤,Website: the problem,every day,
landing.problem.w4Body,The centre finds out when the fees stop.,يعرف المركز عندما تتوقّف المصروفات.,Website: the problem,every day,
landing.problem.w4Title,His parent moves him to another centre,وليّ أمره ينقله إلى مركز آخر,Website: the problem,every day,
landing.problem.withLink,"With Link: after week 2 the rule ""2 absences in a row"" flags Omar, Reception is asked to call home the same day, and his parent gets an update your staff approved.",مع لينك: بعد الأسبوع الثاني تُطلق قاعدة «غياب حصتين متتاليتين» تنبيهًا لعمر، ويُكلَّف الاستقبال بالاتصال بالبيت في نفس اليوم، ويصل لوليّ أمره تحديث اعتمده فريقك.,Website: the problem,every day,
landing.signIn.back,Back to the home page,العودة للصفحة الرئيسية,Website: sign in (pilot centres),every day,
landing.signIn.body,We're setting up the first pilot centres now. Each one gets its own sign-in when its pilot starts.,نجهّز الآن أول مراكز التجربة، وكل مركز يحصل على طريقة الدخول الخاصة به عندما تبدأ تجربته.,Website: sign in (pilot centres),every day,
landing.signIn.cta,Want to be one? Request a free pilot,تحب تكون منهم؟ اطلب تجربة مجانية,Website: sign in (pilot centres),every day,
landing.signIn.title,Sign in for pilot centres,دخول مراكز التجربة,Website: sign in (pilot centres),every day,
landing.strip.arabicBody,"Built for Egyptian Arabic voice notes, not translated English forms.",مصمَّم لملاحظات صوتية بالعامية المصرية، لا لنماذج إنجليزية مترجمة.,Website: four promises,every day,
landing.strip.arabicTitle,Arabic-first,العربية أولًا,Website: four promises,every day,
landing.strip.peopleBody,Teachers confirm records. Staff approve every parent message.,المعلّمون يؤكّدون السجلات، والفريق يعتمد كل رسالة لوليّ الأمر.,Website: four promises,every day,
landing.strip.peopleTitle,People decide,الناس هم من يقرّرون,Website: four promises,every day,
landing.strip.rulesBody,Every flag shows the rule that raised it. No black-box scores.,كل تنبيه يعرض القاعدة التي أطلقته، بلا درجات غامضة.,Website: four promises,every day,
landing.strip.rulesTitle,Rules you can read,قواعد مقروءة,Website: four promises,every day,
landing.strip.waBody,"Approved updates go out on WhatsApp, where parents already are.",الرسائل المعتمدة تصل على واتساب، حيث يوجد أولياء الأمور أصلًا.,Website: four promises,every day,
landing.strip.waTitle,"WhatsApp, where parents are",واتساب، حيث يوجد أولياء الأمور,Website: four promises,every day,
landing.trust.c1Body,What the AI heard is a draft. Only records the teacher confirms are saved and can raise a flag.,ما سمعه الذكاء الاصطناعي مجرد مسودة. السجلات التي يؤكّدها المعلّم فقط هي التي تُحفظ ويمكن أن تُطلق تنبيهًا.,Website: trust,every day,
landing.trust.c1Title,The teacher confirms every record,المعلّم يؤكّد كل سجل,Website: trust,every day,
landing.trust.c2Body,"Link drafts the message from confirmed facts. A staff member checks it and approves it, every time.",يصوغ لينك الرسالة من حقائق مؤكَّدة، ويراجعها أحد الفريق ويعتمدها في كل مرة.,Website: trust,every day,
landing.trust.c2Title,Nothing reaches a parent without staff approval,لا يصل شيء لوليّ الأمر بدون اعتماد الفريق,Website: trust,every day,
landing.trust.c3Body,"A student nobody marked is ""Not recorded"", never ""Absent"". Link never fills a gap with a guess.",الطالب الذي لم يُحدَّد له شيء يبقى «غير مسجَّل» وليس «غائب». لينك لا يملأ أي فراغ بتخمين.,Website: trust,every day,
landing.trust.c3Title,Missing data is not absence,البيانات الناقصة ليست غيابًا,Website: trust,every day,
landing.trust.c4Body,"In a pilot, students appear by first name or nickname, with no phone numbers or IDs, and the data stays at your centre.",في التجربة يظهر الطلاب بالاسم الأول أو اسم التدليل، بلا أرقام هواتف أو هويات، وتبقى البيانات في مركزك.,Website: trust,every day,
landing.trust.c4Title,Pilot data is pseudonymised,بيانات التجربة بأسماء مستعارة,Website: trust,every day,
landing.trust.eyebrow,Trust,الثقة,Website: trust,every day,
landing.trust.flow1,AI drafts,الذكاء الاصطناعي يقترح,Website: trust,every day,
landing.trust.flow1Body,Records and a message,السجلات والرسالة,Website: trust,every day,
landing.trust.flow2,Teacher confirms,المعلّم يؤكّد,Website: trust,every day,
landing.trust.flow2Body,Checks what the AI understood,يراجع ما فهمه الذكاء الاصطناعي,Website: trust,every day,
landing.trust.flow3,Staff approve,الفريق يعتمد,Website: trust,every day,
landing.trust.flow3Body,Every parent message,كل رسالة لوليّ الأمر,Website: trust,every day,
landing.trust.flow4,Parent receives,وليّ الأمر يستلم,Website: trust,every day,
landing.trust.flow4Body,A clear update,تحديثًا واضحًا,Website: trust,every day,
landing.trust.human,Human step,خطوة بشرية,Website: trust,every day,
landing.trust.lead,"Link does the busywork, and a person checks every step that matters.",لينك يقوم بالعمل المتكرّر، وشخصٌ من فريقك يراجع كل خطوة مهمة.,Website: trust,every day,
landing.trust.title,AI that drafts. People who decide.,الذكاء الاصطناعي يقترح، والناس يقرّرون.,Website: trust,every day,
landing.try.centre,Your centre's name,اسم مركزك,Website: try it (path A),every day,
landing.try.centreHint,e.g. Al Amal Centre,مثل: مركز الأمل,Website: try it (path A),every day,
landing.try.errCentre,Write your centre's name (up to 60 characters).,اكتب اسم مركزك (حتى ٦٠ حرفًا).,Website: try it (path A),every day,
landing.try.errRole,Choose a role.,اختر دورًا.,Website: try it (path A),every day,
landing.try.lead,"A demo with sample students opens in your browser, under your centre's name. Nothing you type here is sent to us.",يفتح عرض تجريبي بطلاب تجريبيين في متصفّحك باسم مركزك، ولا يُرسَل إلينا أي شيء تكتبه هنا.,Website: try it (path A),every day,
landing.try.note,"Sample data only. ""Reset demo"" wipes it from this browser at any time.",بيانات تجريبية فقط. «إعادة ضبط العرض» يمسحها من هذا المتصفّح في أي وقت.,Website: try it (path A),every day,
landing.try.opening,Opening your demo…,جارٍ فتح العرض…,Website: try it (path A),every day,
landing.try.owner,Owner,المالك,Website: try it (path A),every day,
landing.try.ownerDesc,Sees every follow-up and approves rule changes.,يرى كل المتابعات ويوافق على تعديل القواعد.,Website: try it (path A),every day,
landing.try.reception,Reception,الاستقبال,Website: try it (path A),every day,
landing.try.receptionDesc,Works the follow-ups and approves parent messages.,يتابع الحالات ويعتمد رسائل أولياء الأمور.,Website: try it (path A),every day,
landing.try.role,Try it as,جرّبه بصفتك,Website: try it (path A),every day,
landing.try.submit,Open my demo,افتح العرض التجريبي,Website: try it (path A),every day,
landing.try.teacher,Teacher,المعلّم,Website: try it (path A),every day,
landing.try.teacherDesc,"Records attendance and notes after class, on the phone.",يسجّل الحضور والملاحظات بعد الحصة على الهاتف.,Website: try it (path A),every day,
landing.try.teachers,Number of teachers (optional),عدد المعلّمين (اختياري),Website: try it (path A),every day,
landing.try.title,Try Link with your centre,جرّب لينك على مركزك,Website: try it (path A),every day,
landing.try.unavailable,The demo isn't available in this version.,العرض التجريبي غير متاح في هذه النسخة.,Website: try it (path A),every day,
landing.video.title,See Link in 90 seconds,شاهد لينك في دقيقة ونصف,Website: video,every day,
owner.case.system,System,النظام,A03 Follow-up case | A17 Activity,every day,
teacher.history.empty,No records yet,لا توجد سجلات بعد,T01/T09 Teacher tabs | T13 Records history,every day,
teacher.history.title,Records,السجلات,T01/T09 Teacher tabs | T13 Records history,every day,
owner.case.activity,Activity,النشاط,A03 Follow-up case,every day,
owner.case.assignedTo,Assigned to,مُسندة إلى,A03 Follow-up case,every day,
owner.case.confirmDismiss,Dismiss this follow-up,أغلق هذه المتابعة,A03 Follow-up case,every day,
owner.case.confirmedBy,Both sessions confirmed by {names},الحصتان أكّدتهما {names},A03 Follow-up case,every day,
owner.case.context,Context,السياق,A03 Follow-up case,every day,
owner.case.contextBody,No reason for absence has been recorded. Check with the guardian before drawing conclusions.,لم يُسجَّل سبب للغياب. تحقّق مع وليّ الأمر قبل أي استنتاج.,A03 Follow-up case,every day,
owner.case.dismissedBody,The flag stays in the activity history and can be reopened.,يبقى التنبيه في سجل النشاط ويمكن إعادة فتحه.,A03 Follow-up case,every day,
owner.case.dismissedTitle,Dismissed with a reason,أُغلقت مع ذكر السبب,A03 Follow-up case,every day,
owner.case.dismissReason,Reason (required),السبب (مطلوب),A03 Follow-up case,every day,
owner.case.dueDate,Due date,تاريخ الاستحقاق,A03 Follow-up case,every day,
owner.case.evidenceFact,Attendance • {date} • Absent,الحضور • {date} • غائب,A03 Follow-up case,every day,
owner.case.evidenceSource,Session record • confirmed by {name},سجل الحصة • أكّدته {name},A03 Follow-up case,every day,
owner.case.fromRecords,Created from confirmed attendance,أُنشئت من حضور مؤكَّد,A03 Follow-up case,every day,
owner.case.message,Parent message,رسالة وليّ الأمر,A03 Follow-up case,every day,
owner.case.openDraft,Open the draft message,افتح مسودة الرسالة,A03 Follow-up case,every day,
owner.case.openStudent,Open student record,افتح سجل الطالب,A03 Follow-up case,every day,
owner.case.parentReplied,Parent replied at {time} — see the next step,ردّ وليّ الأمر الساعة {time} — اعرف الخطوة التالية,A03 Follow-up case,every day,
owner.case.recordOutcome,Record contact / outcome,سجّل التواصل / النتيجة,A03 Follow-up case,every day,
owner.case.ruleUsed,Rule used (v{v}),القاعدة المستخدمة (الإصدار {v}),A03 Follow-up case,every day,
owner.case.title,{name}'s follow-up,متابعة {name},A03 Follow-up case,every day,
owner.msg.checked,"I checked the student, guardian and dates",راجعت الطالب ووليّ الأمر والتواريخ,A06/A09 Parent message | Quick guide: Reception,every day,
owner.msg.notSolvingTitle,Sending is not solving,الإرسال ليس حلًا,A06/A09 Parent message | A11 Parent communication,every day,
owner.msg.onlyApproved,Nothing reaches a parent without staff approval.,لا يصل شيء لوليّ الأمر دون اعتماد الإدارة.,A06/A09 Parent message | Quick guide: Reception,every day,
owner.pilot.approve,Approve (you send it next),اعتمد (ثم ترسلها أنت),A06/A09 Parent message | Quick guide: Reception,every day,
owner.pilot.copy,Copy message,انسخ الرسالة,A06/A09 Parent message | Quick guide: Reception,every day,
owner.pilot.forgotPin,Forgot your PIN? Ask the owner to set a new one.,نسيت الرمز؟ اطلب من المالك رمزًا جديدًا.,Centre sign-in (pilot PIN) | Teacher sign-in (pilot PIN) | T13 Records history,every day,
owner.pilot.iSentIt,I sent it from the centre's WhatsApp,أرسلتها من واتساب المركز,A06/A09 Parent message | Quick guide: Reception,every day,
owner.pilot.locked,Too many wrong PINs. Try again after {time}.,رموز خاطئة كثيرة. حاول مرة أخرى بعد {time}.,Centre sign-in (pilot PIN) | Teacher sign-in (pilot PIN) | T13 Records history,every day,
owner.pilot.phoneKept,Phone kept by the centre,الرقم عند المركز,A06/A09 Parent message | A13 Students,every day,
owner.pilot.pin,Your 6-digit PIN,الرمز السري (٦ أرقام),Centre sign-in (pilot PIN) | Teacher sign-in (pilot PIN) | T13 Records history,every day,
owner.pilot.rateLimited,Too many attempts from this device. Wait 15 minutes.,محاولات كثيرة من هذا الجهاز. انتظر ١٥ دقيقة.,Centre sign-in (pilot PIN) | Teacher sign-in (pilot PIN) | T13 Records history,every day,
owner.pilot.signIn,Sign in,دخول,Centre sign-in (pilot PIN) | Teacher sign-in (pilot PIN) | T13 Records history,every day,
owner.pilot.signInTitle,Sign in to {centre},الدخول إلى {centre},Centre sign-in (pilot PIN) | Teacher sign-in (pilot PIN) | T13 Records history,every day,
owner.pilot.wrongPin,"{count, plural, one {Wrong PIN. {n} try left, then a 15-minute lock.} other {Wrong PIN. {n} tries left, then a 15-minute lock.}}","{count, plural, =0 {رمز خاطئ.} one {رمز خاطئ. متبقية محاولة واحدة، ثم قفل لمدة ١٥ دقيقة.} two {رمز خاطئ. متبقية محاولتان، ثم قفل لمدة ١٥ دقيقة.} few {رمز خاطئ. متبقية {n} محاولات، ثم قفل لمدة ١٥ دقيقة.} many {رمز خاطئ. متبقية {n} محاولة، ثم قفل لمدة ١٥ دقيقة.} other {رمز خاطئ. متبقية {n} محاولة، ثم قفل لمدة ١٥ دقيقة.}}",Centre sign-in (pilot PIN) | Teacher sign-in (pilot PIN) | T13 Records history,every day,
teacher.groups.allConfirmed,All records confirmed,كل السجلات مؤكَّدة,T01/T09 Teacher tabs,every day,
teacher.groups.count,"{count, plural, one {{n} group} other {{n} groups}}","{count, plural, zero {لا توجد مجموعات} one {مجموعة واحدة} two {مجموعتان} few {{n} مجموعات} many {{n} مجموعة} other {{n} مجموعة}}",T01/T09 Teacher tabs,every day,
teacher.groups.emptyBody,Groups appear here once you publish one in a hall you rent.,تظهر المجموعات هنا بعد نشر مجموعة في قاعة تستأجرها.,T01/T09 Teacher tabs,every day,
teacher.groups.emptyTitle,No groups yet,لا توجد مجموعات بعد,T01/T09 Teacher tabs,every day,
teacher.groups.fees,Session / month,الحصة / الشهر,T01/T09 Teacher tabs,every day,
teacher.groups.followUps,Follow-ups,المتابعات,T01/T09 Teacher tabs,every day,
teacher.groups.hint,Open a group to see every student and add a note about anyone.,افتح مجموعة لترى كل الطلاب وتضيف ملاحظة عن أي طالب.,T01/T09 Teacher tabs,every day,
teacher.groups.history,Records history,سجل الحصص,T01/T09 Teacher tabs,every day,
teacher.groups.nextSession,Next session,الحصة القادمة,T01/T09 Teacher tabs,every day,
teacher.groups.none,None,لا شيء,T01/T09 Teacher tabs,every day,
teacher.groups.open,"{count, plural, one {{n} open} other {{n} open}}","{count, plural, zero {لا شيء} one {واحدة مفتوحة} two {اثنتان مفتوحتان} few {{n} مفتوحة} many {{n} مفتوحة} other {{n} مفتوحة}}",T01/T09 Teacher tabs,every day,
teacher.groups.records,Records,السجلات,T01/T09 Teacher tabs,every day,
teacher.groups.recordsMissing,"{count, plural, one {{n} record to complete} other {{n} records to complete}}","{count, plural, zero {لا سجلات ناقصة} one {سجل واحد يحتاج إكمالًا} two {سجلان يحتاجان إكمالًا} few {{n} سجلات تحتاج إكمالًا} many {{n} سجلًا يحتاج إكمالًا} other {{n} سجل يحتاج إكمالًا}}",T01/T09 Teacher tabs,every day,
teacher.groups.roster,Students,الطلاب,T01/T09 Teacher tabs,every day,
teacher.groups.seats,Seats,المقاعد,T01/T09 Teacher tabs,every day,
teacher.groups.seatsValue,{filled} / {cap},{filled} / {cap},T01/T09 Teacher tabs,every day,
teacher.groups.students,Students,الطلاب,T01/T09 Teacher tabs,every day,
teacher.groups.title,My groups,مجموعاتي,T01/T09 Teacher tabs,every day,
teacher.pilot.correctionAsked,{name} asks you to check a confirmed record,يطلب {name} منك مراجعة سجل مؤكَّد,T01/T09 Teacher tabs,every day,
teacher.pilot.markDone,The record is right — mark done,السجل صحيح — تم,T01/T09 Teacher tabs,every day,
teacher.pilot.openHistory,Open records history,افتح سجل الحصص,T01/T09 Teacher tabs,every day,
teacher.tabs.groups,My groups,مجموعاتي,T01/T09 Teacher tabs,every day,
teacher.tabs.records,Records,السجلات,T01/T09 Teacher tabs,every day,
teacher.today.allConfirmed,Every session that has taken place has a confirmed record.,كل الحصص التي تمّت لها سجل مؤكَّد.,T01/T09 Teacher tabs,every day,
teacher.today.beforeNext,Before your next session,قبل حصتك القادمة,T01/T09 Teacher tabs,every day,
teacher.today.continueRecord,Continue the draft,تابع المسودة,T01/T09 Teacher tabs,every day,
teacher.today.draftLine,{date}: the record is still a draft.,{date}: السجل ما زال مسودة.,T01/T09 Teacher tabs,every day,
teacher.today.draftNeedsConfirm,A draft needs confirmation,مسودة تحتاج تأكيدًا,T01/T09 Teacher tabs,every day,
teacher.today.draftSaved,Draft saved — not confirmed,مسودة محفوظة — غير مؤكَّدة,T01/T09 Teacher tabs,every day,
teacher.today.missingLine,{date}: no record yet.,{date}: لا يوجد سجل بعد.,T01/T09 Teacher tabs,every day,
teacher.today.needsYou,Needs you,يحتاجك,T01/T09 Teacher tabs,every day,
teacher.today.noReminders,No reminders yet. Reminders come only from confirmed records.,لا توجد تذكيرات بعد. التذكيرات تأتي من السجلات المؤكَّدة فقط.,T01/T09 Teacher tabs,every day,
teacher.today.offlineBody,Today needs a connection. Drafts on this device are safe.,شاشة اليوم تحتاج اتصالًا. المسودات على الجهاز في أمان.,T01/T09 Teacher tabs,every day,
teacher.today.openDraft,Open the draft,افتح المسودة,T01/T09 Teacher tabs,every day,
teacher.today.openOffline,Can't open the record while offline. Try again when you're connected.,لا يمكن فتح السجل بدون اتصال. حاول مرة أخرى عند عودة الاتصال.,T01/T09 Teacher tabs,every day,
teacher.today.recordDue,Record due,السجل مطلوب,T01/T09 Teacher tabs,every day,
teacher.today.recordIt,Record this session,سجّل هذه الحصة,T01/T09 Teacher tabs,every day,
teacher.today.recordWhat,Attendance + optional scores and observations,الحضور + الدرجات والملاحظات (اختياري),T01/T09 Teacher tabs,every day,
teacher.today.source,Source: confirmed record of {date},المصدر: السجل المؤكَّد بتاريخ {date},T01/T09 Teacher tabs,every day,
teacher.today.voiceWaiting,"{count, plural, one {{n} voice note waiting to upload} other {{n} voice notes waiting to upload}}","{count, plural, zero {لا توجد ملاحظات صوتية تنتظر الرفع} one {ملاحظة صوتية واحدة تنتظر الرفع} two {ملاحظتان صوتيتان تنتظران الرفع} few {{n} ملاحظات صوتية تنتظر الرفع} many {{n} ملاحظة صوتية تنتظر الرفع} other {{n} ملاحظة صوتية تنتظر الرفع}}",T01/T09 Teacher tabs,every day,
teacher.today.voiceWaitingBody,It stays on this device and uploads by itself when you are connected.,تبقى على الجهاز وتُرفع تلقائيًا عند الاتصال.,T01/T09 Teacher tabs,every day,
owner.outcome.learned,What did you learn?,ماذا عرفت؟,A08/A10 Outcome | Quick guide: Reception,every day,
owner.outcome.notResolution,A contact attempt is not a resolution.,محاولة التواصل ليست حلًا.,A08/A10 Outcome | Quick guide: Reception,every day,
owner.outcome.save,Save outcome & next step,احفظ النتيجة والخطوة التالية,A08/A10 Outcome | Quick guide: Reception,every day,
owner.rule.consecutive_absences,Consecutive absences,غياب متتالي,A02 Follow-ups | A07 Rules,every day,
owner.followUps.allOpen,All open,كل المفتوحة,A02 Follow-ups,every day,
owner.followUps.closed,Closed,المغلقة,A02 Follow-ups,every day,
owner.followUps.explainable,Explainable signals,تنبيهات قابلة للتفسير,A02 Follow-ups,every day,
owner.followUps.mine,Assigned to me,المُسندة إليّ,A02 Follow-ups,every day,
owner.followUps.nextContact,Contact the guardian,التواصل مع وليّ الأمر,A02 Follow-ups,every day,
owner.followUps.notPrediction,A flag starts a review. It does not predict that a student will leave.,التنبيه يبدأ مراجعة، ولا يتوقّع أن الطالب سيترك.,A02 Follow-ups,every day,
owner.followUps.overdue,Overdue,المتأخرة,A02 Follow-ups,every day,
owner.followUps.rule,Rule: {rule} (v{v}),القاعدة: {rule} (الإصدار {v}),A02 Follow-ups,every day,
owner.followUps.subtitle,"Evidence, ownership and next steps — in one place.",الأدلة والمسؤول والخطوة التالية — في مكان واحد.,A02 Follow-ups,every day,
owner.followUps.title,Follow-ups,المتابعات,A02 Follow-ups,every day,
owner.followUps.wasDue,Was due {date},كانت مستحقة {date},A02 Follow-ups,every day,
owner.msg.approve,Approve & send,اعتمد وأرسل,A06/A09 Parent message,every day,
owner.msg.approvedTitle,Approved message,الرسالة المعتمدة,A06/A09 Parent message,every day,
owner.msg.approveSms,Approve & send by SMS,اعتمد وأرسل كرسالة نصية,A06/A09 Parent message,every day,
owner.msg.cantSendNoConsent,The guardian has not agreed to WhatsApp or SMS updates. Contact them another way.,وليّ الأمر لم يوافق على تحديثات واتساب أو الرسائل النصية. تواصل معه بطريقة أخرى.,A06/A09 Parent message,every day,
owner.msg.cantSendStopped,The guardian replied STOP. Messages stopped at once; call the guardian instead.,"أرسل وليّ الأمر ""إيقاف""، فتوقّفت الرسائل فورًا. اتصل به بدلًا من ذلك.",A06/A09 Parent message,every day,
owner.msg.cantSendTitle,This message can't be sent on WhatsApp,لا يمكن إرسال هذه الرسالة على واتساب,A06/A09 Parent message,every day,
owner.msg.failedBody,"Delivery failed. Check the recipient and connection, then retry. The case remains open.",فشل التسليم. تحقّق من المستلم والاتصال ثم أعد المحاولة. المتابعة تبقى مفتوحة.,A06/A09 Parent message,every day,
owner.msg.failedTitle,Delivery failed,فشل التسليم,A06/A09 Parent message,every day,
owner.msg.grounded,Grounded in records,مبنية على السجلات,A06/A09 Parent message,every day,
owner.msg.guardianOf,Guardian of {name},وليّ أمر {name},A06/A09 Parent message,every day,
owner.msg.history,Delivery status,حالة التسليم,A06/A09 Parent message,every day,
owner.msg.internalBody,Teacher observations are excluded unless a note was suggested for sharing and staff reviewed it.,ملاحظات المعلّم مستبعدة إلا إذا اقتُرحت للمشاركة وراجعتها الإدارة.,A06/A09 Parent message,every day,
owner.msg.internalTitle,Internal notes stay internal,الملاحظات الداخلية تبقى داخلية,A06/A09 Parent message,every day,
owner.msg.locked,Locked after approval,مقفلة بعد الاعتماد,A06/A09 Parent message,every day,
owner.msg.notOptedIn,Not opted in to WhatsApp,لم يوافق على واتساب,A06/A09 Parent message,every day,
owner.msg.notSentTitle,Approved — not sent,معتمدة — لم تُرسل,A06/A09 Parent message,every day,
owner.msg.notSolvingBody,Sending was logged as a contact attempt. The follow-up stays open until someone records the response and an outcome.,سُجّل الإرسال كمحاولة تواصل. تبقى المتابعة مفتوحة حتى يُسجَّل الرد والنتيجة.,A06/A09 Parent message,every day,
owner.msg.optedIn,WhatsApp opted in,وافق على واتساب,A06/A09 Parent message,every day,
owner.msg.providerOnly,Statuses change only when the messaging provider reports them.,الحالات تتغيّر فقط عندما يُبلغ مزوّد الرسائل بها.,A06/A09 Parent message,every day,
owner.msg.reviewTitle,Review parent message,مراجعة رسالة وليّ الأمر,A06/A09 Parent message,every day,
owner.msg.revise,Change the wording (new draft),غيّر الصياغة (مسودة جديدة),A06/A09 Parent message,every day,
owner.msg.saved,Draft saved. Not sent.,تم حفظ المسودة. لم تُرسل.,A06/A09 Parent message,every day,
owner.msg.saveDraft,Save draft,احفظ المسودة,A06/A09 Parent message,every day,
owner.msg.smsOffered,"The guardian agreed to SMS only, so this message will go by SMS.",وليّ الأمر وافق على الرسائل النصية فقط، لذلك ستُرسل هذه الرسالة كرسالة نصية.,A06/A09 Parent message,every day,
owner.msg.stopped,Replied STOP,أرسل إيقاف,A06/A09 Parent message,every day,
owner.msg.text,Message (you can edit it),الرسالة (يمكنك تعديلها),A06/A09 Parent message,every day,
owner.msg.tone,Tone,النبرة,A06/A09 Parent message,every day,
owner.msg.toneFormal,Formal,رسمية,A06/A09 Parent message,every day,
owner.msg.toneNeutral,Neutral,محايدة,A06/A09 Parent message,every day,
owner.msg.toneWarm,Warm,ودودة,A06/A09 Parent message,every day,
owner.pilot.copied,Copied. Paste it in the centre's WhatsApp chat with the guardian.,تم النسخ. الصقها في محادثة واتساب المركز مع وليّ الأمر.,A06/A09 Parent message,every day,
owner.pilot.copyFailed,Could not copy. Select the text and copy it.,تعذّر النسخ. حدّد النص وانسخه.,A06/A09 Parent message,every day,
owner.pilot.howBody,"1. Copy the message. 2. Send it to the guardian from the centre's WhatsApp. 3. Come back and press ""I sent it from the centre's WhatsApp"". Link sends nothing itself.","١. انسخ الرسالة. ٢. أرسلها لوليّ الأمر من واتساب المركز. ٣. ارجع واضغط ""أرسلتها من واتساب المركز"". Link لا يرسل شيئًا بنفسه.",A06/A09 Parent message,every day,
owner.pilot.howTitle,Send it from the centre's WhatsApp,أرسلها من واتساب المركز,A06/A09 Parent message,every day,
owner.pilot.noReceipt,"Sent by hand: Link has no delivery receipt, so it never shows Delivered or Read.","أُرسلت يدويًا: ليس لدى Link إشعار تسليم، لذلك لا تظهر أبدًا ""وصلت"" أو ""قُرئت"".",A06/A09 Parent message,every day,
owner.pilot.notSentYet,Approved — not sent yet,معتمدة — لم تُرسل بعد,A06/A09 Parent message,every day,
owner.pilot.sendFromCentre,Sent from the centre's WhatsApp,تُرسل من واتساب المركز,A06/A09 Parent message,every day,
owner.pilot.sentBy,Approved — sent by hand by {name},معتمدة — أرسلها يدويًا {name},A06/A09 Parent message,every day,
owner.pilot.sentLine,{time} — sent by hand by {name},{time} — أرسلها يدويًا {name},A06/A09 Parent message,every day,
owner.outcome.choose,Choose…,اختر…,A08/A10 Outcome | A16 People (pilot),every day,
common.apply,Apply,تطبيق,"All screens (states, common)",every day,
common.change,Change,تغيير,"All screens (states, common)",every day,
common.continue,Continue,متابعة,"All screens (states, common)",every day,
common.home,Link home,الصفحة الرئيسية لـ Link,"All screens (states, common)",every day,
common.languageSwitch.ar,العربية,العربية,"All screens (states, common)",every day,
common.languageSwitch.en,EN,EN,"All screens (states, common)",every day,
common.languageSwitch.label,Language,اللغة,"All screens (states, common)",every day,
common.mockBadge,Mock data,بيانات تجريبية,"All screens (states, common)",every day,
common.next,Next,التالي,"All screens (states, common)",every day,
common.notifications,Notifications,الإشعارات,"All screens (states, common)",every day,
common.seatsLeft,"{count, plural, =0 {Waitlist only} one {# seat left} other {# seats left}}","{count, plural, =0 {قائمة انتظار فقط} one {متبقٍّ مكان واحد} two {متبقٍّ مكانان} few {متبقٍّ # أماكن} many {متبقٍّ # مكانًا} other {متبقٍّ # مكان}}","All screens (states, common)",every day,
common.skipToContent,Skip to content,تخطَّ إلى المحتوى,"All screens (states, common)",every day,
common.status.error,Error,خطأ,"All screens (states, common)",every day,
common.status.info,Info,معلومة,"All screens (states, common)",every day,
common.status.neutral,Neutral,عادي,"All screens (states, common)",every day,
common.status.success,Success,تم,"All screens (states, common)",every day,
common.status.warning,Warning,تنبيه,"All screens (states, common)",every day,
owner.outcome.awaitingBody,The follow-up stays open until the outcome is confirmed.,تبقى المتابعة مفتوحة حتى تتأكد النتيجة.,A08/A10 Outcome,every day,
owner.outcome.back,Return to follow-ups,العودة للمتابعات,A08/A10 Outcome,every day,
owner.outcome.doneTitle,Contact recorded. Next step set.,تم تسجيل التواصل وتحديد الخطوة التالية.,A08/A10 Outcome,every day,
owner.outcome.followUpOn,Follow-up date,تاريخ المتابعة,A08/A10 Outcome,every day,
owner.outcome.history,Outcome history,سجل النتائج,A08/A10 Outcome,every day,
owner.outcome.keepOpen,Keep open until confirmed,أبقِها مفتوحة حتى التأكيد,A08/A10 Outcome,every day,
owner.outcome.keepOpenBody,Contact recorded; the student's return has not been confirmed yet.,سُجّل التواصل؛ لم تتأكد عودة الطالب بعد.,A08/A10 Outcome,every day,
owner.outcome.meeting,Meeting,مقابلة,A08/A10 Outcome,every day,
owner.outcome.messageSent,Message sent,أُرسلت رسالة,A08/A10 Outcome,every day,
owner.outcome.method,Contact method,طريقة التواصل,A08/A10 Outcome,every day,
owner.outcome.needMethodAndResult,Choose the contact method and the result.,اختر طريقة التواصل والنتيجة.,A08/A10 Outcome,every day,
owner.outcome.nextAction,Next action,الإجراء التالي,A08/A10 Outcome,every day,
owner.outcome.noAnswer,No answer,لا رد,A08/A10 Outcome,every day,
owner.outcome.notResolutionBody,The follow-up closes only when the outcome is confirmed.,تُغلق المتابعة فقط عندما تتأكد النتيجة.,A08/A10 Outcome,every day,
owner.outcome.notResolutionTitle,A contact attempt is not a resolution,محاولة التواصل ليست حلًا,A08/A10 Outcome,every day,
owner.outcome.phone,Phone call,مكالمة هاتفية,A08/A10 Outcome,every day,
owner.outcome.reached,Guardian reached,تم التواصل مع وليّ الأمر,A08/A10 Outcome,every day,
owner.outcome.replied,Guardian replied,ردّ وليّ الأمر,A08/A10 Outcome,every day,
owner.outcome.result,Result,النتيجة,A08/A10 Outcome,every day,
owner.outcome.sms,SMS,رسالة نصية,A08/A10 Outcome,every day,
owner.outcome.title,Record the outcome,سجّل النتيجة,A08/A10 Outcome,every day,
owner.outcome.whatsapp,WhatsApp,واتساب,A08/A10 Outcome,every day,
owner.outcome.whatsappManual,WhatsApp (sent by hand),واتساب (أُرسلت يدويًا),A08/A10 Outcome,every day,
owner.outcome.wrongNumber,Wrong number,رقم خاطئ,A08/A10 Outcome,every day,
states.empty.body,When something is added it will show up here.,عند إضافة شيء سيظهر هنا.,"All screens (states, common)",every day,
states.empty.title,Nothing here yet,لا يوجد شيء هنا بعد,"All screens (states, common)",every day,
states.notFound.body,The link may be old or have a typo.,ربما الرابط قديم أو فيه خطأ في الكتابة.,"All screens (states, common)",every day,
states.notFound.home,Go to the start,اذهب إلى البداية,"All screens (states, common)",every day,
states.notFound.title,We couldn't find this page,لم نجد هذه الصفحة,"All screens (states, common)",every day,
owner.pilot.setPin,Set PIN,حدّد الرمز,A16 People (pilot) | Quick guide: teacher | Quick guide: owner,every day,
owner.pilot.noPeople,No one can sign in yet.,لا يوجد من يمكنه الدخول بعد.,Centre sign-in (pilot PIN),every day,
owner.pilot.pinShape,Pick your name and enter your 6-digit PIN.,اختر اسمك وأدخل الرمز المكوّن من ٦ أرقام.,Centre sign-in (pilot PIN),every day,
owner.pilot.role.owner,Owner,المالك,Centre sign-in (pilot PIN),every day,
owner.pilot.role.reception,Reception,الاستقبال,Centre sign-in (pilot PIN),every day,
owner.pilot.role.teacher,Teacher,معلّم,Centre sign-in (pilot PIN),every day,
owner.pilot.teacherHint,Teachers sign in on the teacher app on their phone.,المعلّمون يدخلون من تطبيق المعلّم على هواتفهم.,Centre sign-in (pilot PIN),every day,
owner.sessions.statusConfirmed,Confirmed,مؤكَّد,A04 Student | A05/A14 Sessions,every day,
owner.sessions.statusNotStarted,Not started,لم يبدأ,A04 Student | A05/A14 Sessions,every day,
owner.signIn.liveUnavailable,Phone sign-in is not available yet.,تسجيل الدخول بالهاتف غير متاح بعد.,Centre sign-in (pilot PIN),every day,
owner.signIn.pending,"Phone sign-in for centre staff arrives with the owner sign-in screen. With sample data, use one of the sample accounts.",تسجيل دخول موظفي المركز برقم الهاتف يأتي مع شاشة دخول المالك. مع البيانات التجريبية، استخدم أحد الحسابات التجريبية.,Centre sign-in (pilot PIN),every day,
owner.signIn.title,Centre workspace,مساحة عمل المركز,Centre sign-in (pilot PIN),every day,
owner.students.internalTeacher,Internal • teacher,داخلية • المعلّم,A13 Students | A04 Student,every day,
owner.students.missingPhone,Missing phone,بلا هاتف,A13 Students | A04 Student,every day,
teacher.pilot.noTeachers,No teacher can sign in yet. Ask the owner to set your PIN.,لا يوجد معلّم يمكنه الدخول بعد. اطلب من المالك تحديد رمزك.,Teacher sign-in (pilot PIN) | T13 Records history,every day,
teacher.pilot.notTeacher,This app is for teachers. Staff sign in on the centre laptop.,هذا التطبيق للمعلّمين. يدخل فريق المركز من لابتوب المركز.,Teacher sign-in (pilot PIN) | T13 Records history,every day,
teacher.pilot.pinShape,Pick your name and enter your 6-digit PIN.,اختر اسمك وأدخل الرمز المكوّن من ٦ أرقام.,Teacher sign-in (pilot PIN) | T13 Records history,every day,
teacher.signIn.title,Sign in,تسجيل الدخول,Teacher sign-in (pilot PIN) | T13 Records history,every day,
teacher.history.reason,Reason: {reason},السبب: {reason},A05/A14 Sessions | T13 Records history,most days,
teacher.roster.notes,"{count, plural, =0 {no notes} one {{n} note} other {{n} notes}}","{count, plural, zero {لا ملاحظات} one {ملاحظة واحدة} two {ملاحظتان} few {{n} ملاحظات} many {{n} ملاحظة} other {{n} ملاحظة}}",T10/T13 Group | T13 Records history,most days,
owner.pilot.add,Add and show their PIN,أضف واعرض الرمز,A16 People (pilot) | Quick guide: owner,most days,
owner.pilot.addTitle,Add a person,إضافة شخص,A16 People (pilot) | Quick guide: owner,most days,
owner.pilot.firstName,First name or nickname,الاسم الأول أو اسم الشهرة,A16 People (pilot) | Quick guide: owner,most days,
owner.pilot.noPhones,No phone numbers here: the centre keeps them. Give the PIN to the person yourself.,بدون أرقام هواتف هنا: الأرقام عند المركز. سلّم الرمز للشخص بنفسك.,A16 People (pilot) | Quick guide: owner,most days,
owner.pilot.remove,Remove access,إلغاء الوصول,A16 People (pilot) | Quick guide: owner,most days,
owner.pilot.voiceCardTitle,Voice notes,الملاحظات الصوتية,A16 People (pilot) | Quick guide: owner,most days,
owner.pilot.voiceGrant,Consent signed,الموافقة موقّعة,A16 People (pilot) | Quick guide: owner,most days,
owner.pilot.voicePauseAll,Switch voice off for everyone,إيقاف الصوت للجميع,A16 People (pilot) | Quick guide: owner,most days,
owner.pilot.voiceProfile,{profile}: about {seconds} seconds for a 1-minute note.,{profile}: حوالي {seconds} ثانية لملاحظة مدتها دقيقة.,A16 People (pilot) | Quick guide: owner,most days,
owner.pilot.voiceResumeAll,Switch voice back on,إعادة تشغيل الصوت,A16 People (pilot) | Quick guide: owner,most days,
owner.pilot.voiceTurnOn,Switch voice on,تشغيل الصوت,A16 People (pilot) | Quick guide: owner,most days,
owner.pilot.voiceWithdraw,Withdraw (deletes recordings),سحب (يحذف التسجيلات),A16 People (pilot) | Quick guide: owner,most days,
owner.rules.approve,Approve change,وافق على التعديل,A07 Rules | Quick guide: owner,most days,
common.close,Close,إغلاق,T11/T12 Student | T13 Records history,most days,
owner.att.absentShort,A,غ,A13 Students,most days,
owner.att.lateShort,L,م,A13 Students,most days,
owner.att.presentShort,P,ح,A13 Students,most days,
owner.comm.approved,Approved,معتمدة,A11 Parent communication,most days,
owner.comm.awaiting,Awaiting reply,بانتظار الرد,A11 Parent communication,most days,
owner.comm.empty,Nothing here,لا شيء هنا,A11 Parent communication,most days,
owner.comm.emptyBody,Messages appear here once a follow-up has a draft.,تظهر الرسائل هنا عندما يكون للمتابعة مسودة.,A11 Parent communication,most days,
owner.comm.issues,Delivery issues,مشكلات التسليم,A11 Parent communication,most days,
owner.comm.notApproved,Not approved yet,لم تُعتمد بعد,A11 Parent communication,most days,
owner.comm.notSolving,A sent message is logged as a contact attempt. The follow-up stays open until someone records the guardian's response and an outcome.,الرسالة المرسلة تُسجَّل كمحاولة تواصل. تبقى المتابعة مفتوحة حتى يُسجَّل ردّ وليّ الأمر والنتيجة.,A11 Parent communication,most days,
owner.comm.open,Open message,افتح الرسالة,A11 Parent communication,most days,
owner.comm.replied,Guardian replied,ردّ وليّ الأمر,A11 Parent communication,most days,
owner.comm.review,Needs review,تحتاج مراجعة,A11 Parent communication,most days,
owner.comm.reviewDraft,Review draft,راجع المسودة,A11 Parent communication,most days,
owner.comm.subtitle,Reviewed messages linked to follow-ups. Nothing is sent without staff approval.,رسائل مراجَعة مرتبطة بالمتابعات. لا يُرسل شيء دون اعتماد الإدارة.,A11 Parent communication,most days,
owner.comm.title,Parent communication,التواصل مع أولياء الأمور,A11 Parent communication,most days,
owner.msg.channelSms,SMS,رسالة نصية,A11 Parent communication,most days,
owner.msg.channelWhatsApp,WhatsApp,واتساب,A11 Parent communication,most days,
owner.record.absentNoScore,Not entered (absent),لم تُسجَّل (غائب),A05/A14 Sessions,most days,
owner.record.askDone,Done by the teacher,أنجزه المعلّم,A05/A14 Sessions,most days,
owner.record.askNote,Only the teacher who confirmed the record corrects it. The request appears on their Today.,"يصحّح السجلَّ المعلّمُ الذي أكّده فقط. يظهر الطلب في صفحة ""اليوم"" لديه.",A05/A14 Sessions,most days,
owner.record.askOpen,Waiting for the teacher,بانتظار المعلّم,A05/A14 Sessions,most days,
owner.record.askSend,Ask the teacher to correct,اطلب من المعلّم التصحيح,A05/A14 Sessions,most days,
owner.record.askStudent,Student (optional),الطالب (اختياري),A05/A14 Sessions,most days,
owner.record.askText,What should be checked?,ما الذي يحتاج مراجعة؟,A05/A14 Sessions,most days,
owner.record.askTitle,Ask the teacher to correct,طلب تصحيح من المعلّم,A05/A14 Sessions,most days,
owner.record.askWholeRecord,The whole record,السجل كله,A05/A14 Sessions,most days,
owner.record.attendance,Attendance,الحضور,A05/A14 Sessions,most days,
owner.record.caseOpened,follow-up opened,فُتحت متابعة,A05/A14 Sessions,most days,
owner.record.confirmedBy,Confirmed by {name},أكّدته {name},A05/A14 Sessions,most days,
owner.record.correctionLine,Score changed for {name},تغيّرت درجة {name},A05/A14 Sessions,most days,
owner.record.corrections,Correction history,سجل التصحيحات,A05/A14 Sessions,most days,
owner.record.draftCreated,Draft created,أُنشئت المسودة,A05/A14 Sessions,most days,
owner.record.fromTap,Entered by tap,أُدخلت يدويًا,A05/A14 Sessions,most days,
owner.record.fromVoice,From a voice note,من ملاحظة صوتية,A05/A14 Sessions,most days,
owner.record.internal,Internal,داخلية,A05/A14 Sessions,most days,
owner.record.noCorrections,No corrections.,لا توجد تصحيحات.,A05/A14 Sessions,most days,
owner.record.noObservations,No observations in this record.,لا توجد ملاحظات في هذا السجل.,A05/A14 Sessions,most days,
owner.record.noRules,This record did not trigger any rule.,هذا السجل لم يُطلق أي قاعدة.,A05/A14 Sessions,most days,
owner.record.observations,Observations,الملاحظات,A05/A14 Sessions,most days,
owner.record.originalKept,The original entry is preserved and can be viewed.,الإدخال الأصلي محفوظ ويمكن الاطلاع عليه.,A05/A14 Sessions,most days,
owner.record.rulesTriggered,Rules triggered by this record,قواعد أطلقها هذا السجل,A05/A14 Sessions,most days,
owner.record.scores,Scores • {title} (out of {max}),الدرجات • {title} (من {max}),A05/A14 Sessions,most days,
owner.record.status,Record status,حالة السجل,A05/A14 Sessions,most days,
owner.record.title,Secondary 2 · Maths — {date},الثاني الثانوي · رياضيات — {date},A05/A14 Sessions,most days,
owner.sessions.all,Last 2 weeks,آخر أسبوعين,A05/A14 Sessions,most days,
owner.sessions.attendance,{present} present / {absent} absent / {nr} not recorded,{present} حاضر / {absent} غائب / {nr} غير مسجَّل,A05/A14 Sessions,most days,
owner.sessions.awaiting,Awaiting confirmation,بانتظار التأكيد,A05/A14 Sessions,most days,
owner.sessions.colAttendance,Attendance,الحضور,A05/A14 Sessions,most days,
owner.sessions.colSession,Session,الحصة,A05/A14 Sessions,most days,
owner.sessions.colStatus,Record status,حالة السجل,A05/A14 Sessions,most days,
owner.sessions.colTeacher,Teacher,المعلّم,A05/A14 Sessions,most days,
owner.sessions.empty,No sessions match,لا توجد حصص مطابقة,A05/A14 Sessions,most days,
owner.sessions.notRecorded,Not recorded,غير مسجَّلة,A05/A14 Sessions,most days,
owner.sessions.onlyConfirmedBody,Draft extractions and missing records do not trigger absence or score alerts.,المسودات والسجلات الناقصة لا تُطلق تنبيهات غياب أو درجات.,A05/A14 Sessions,most days,
owner.sessions.onlyConfirmedTitle,Only confirmed records trigger rules,السجلات المؤكَّدة فقط تشغّل القواعد,A05/A14 Sessions,most days,
owner.sessions.statusDraft,Draft,مسودة,A05/A14 Sessions,most days,
owner.sessions.subtitle,Track completed records and resolve missing information.,تابع السجلات المكتملة وأكمل الناقص.,A05/A14 Sessions,most days,
owner.sessions.title,Sessions,الحصص,A05/A14 Sessions,most days,
owner.staff.title,Staff & access,الموظفون والصلاحيات,Quick guide: owner,most days,
owner.student.assigned,{name} is assigned to contact the guardian.,{name} مسؤول عن التواصل مع وليّ الأمر.,A04 Student,most days,
owner.student.attendance,Attendance,الحضور,A04 Student,most days,
owner.student.date,Date,التاريخ,A04 Student,most days,
owner.student.guardianVerified,Guardian contact verified,هاتف وليّ الأمر موثّق,A04 Student,most days,
owner.student.learning,Learning record,سجل التعلّم,A04 Student,most days,
owner.student.noObservation,No observation recorded for the last attended session.,لا توجد ملاحظة لآخر حصة حضرها.,A04 Student,most days,
owner.student.notRecordedNote,"An unrecorded session is shown as ""Not recorded"".","الحصة غير المسجّلة تظهر ""غير مسجَّل"".",A04 Student,most days,
owner.student.noTrend,More comparable results are needed before showing a decline.,نحتاج نتائج أكثر قابلة للمقارنة قبل إظهار أي تراجع.,A04 Student,most days,
owner.student.noTrendTitle,No comparable assessment trend,لا يوجد اتجاه قابل للمقارنة,A04 Student,most days,
owner.student.observation,Internal observation,ملاحظة داخلية,A04 Student,most days,
owner.student.openFollowUp,One open follow-up,متابعة مفتوحة,A04 Student,most days,
owner.student.recentSessions,Recent sessions,الحصص الأخيرة,A04 Student,most days,
owner.student.record,Record,السجل,A04 Student,most days,
owner.student.teacherConfirmed,Teacher confirmed,أكّده المعلّم,A04 Student,most days,
owner.students.allGroups,All groups,كل المجموعات,A13 Students,most days,
owner.students.attention,Needs attention,تحتاج متابعة,A13 Students,most days,
owner.students.colFollowUp,Follow-up,المتابعة,A13 Students,most days,
owner.students.colGuardian,Guardian,وليّ الأمر,A13 Students,most days,
owner.students.colLast4,Last 4 sessions,آخر ٤ حصص,A13 Students,most days,
owner.students.colNote,Latest teacher note,آخر ملاحظة للمعلّم,A13 Students,most days,
owner.students.colScore,Latest score,آخر درجة,A13 Students,most days,
owner.students.colStudent,Student,الطالب,A13 Students,most days,
owner.students.empty,No students match,لا يوجد طلاب مطابقون,A13 Students,most days,
owner.students.emptyBody,Change the search or the filters.,غيّر البحث أو عوامل التصفية.,A13 Students,most days,
owner.students.footnote,"Attendance marks use confirmed records only. ""–"" = not recorded, never absent.","علامات الحضور من السجلات المؤكَّدة فقط. ""–"" = غير مسجَّل، وليس غائبًا.",A13 Students,most days,
owner.students.group,Group,المجموعة,A13 Students,most days,
owner.students.hasNotes,Has notes,لديهم ملاحظات,A13 Students,most days,
owner.students.noGuardian,No guardian phone,بلا هاتف وليّ أمر,A13 Students,most days,
owner.students.noneOpen,None open,لا توجد,A13 Students,most days,
owner.students.noNote,No note,لا ملاحظات,A13 Students,most days,
owner.students.search,Search,بحث,A13 Students,most days,
owner.students.searchPlaceholder,Search by student or guardian,ابحث باسم الطالب أو وليّ الأمر,A13 Students,most days,
owner.students.subtitle,"{count, plural, one {{n} student in follow-up groups} other {{n} students in follow-up groups}}","{count, plural, zero {لا يوجد طلاب في مجموعات المتابعة} one {طالب واحد في مجموعات المتابعة} two {طالبان في مجموعات المتابعة} few {{n} طلاب في مجموعات المتابعة} many {{n} طالبًا في مجموعات المتابعة} other {{n} طالب في مجموعات المتابعة}}",A13 Students,most days,
owner.students.title,Students,الطلاب,A13 Students,most days,
owner.students.verified,Verified,موثّق,A13 Students,most days,
parent.manage.reason,What happened?,ماذا حدث؟,Quick guide: teacher,most days,
teacher.note.visibilityInternal,Teachers & centre admin,المعلمون وإدارة المركز,T11/T12 Student,most days,
teacher.roster.all,All,الكل,T10/T13 Group,most days,
teacher.roster.attention,Needs attention,تحتاج متابعة,T10/T13 Group,most days,
teacher.roster.hasNotes,Has notes,لديهم ملاحظات,T10/T13 Group,most days,
teacher.roster.lastFour,Last 4 sessions: {list},آخر ٤ حصص: {list},T10/T13 Group,most days,
teacher.roster.latestScore,Latest score {score}/{max},آخر درجة {score}/{max},T10/T13 Group,most days,
teacher.roster.legend,Last 4 sessions: P present • L late • A absent • – not recorded,آخر ٤ حصص: ح حاضر • م متأخر • غ غائب • – غير مسجَّل,T10/T13 Group,most days,
teacher.roster.noMatch,No students match,لا يوجد طلاب مطابقون,T10/T13 Group,most days,
teacher.roster.search,Search,بحث,T10/T13 Group,most days,
teacher.roster.searchPlaceholder,Search for a student,ابحث عن طالب,T10/T13 Group,most days,
teacher.roster.title,Students,الطلاب,T10/T13 Group,most days,
common.cancel,Cancel,إلغاء,A16 People (pilot) | T11/T12 Student,most days,
owner.pilot.groupsTaught,Groups they teach,المجموعات التي يدرّسها,A16 People (pilot) | Quick guide: owner,most days,
owner.pilot.voiceScoresCheck,Scores heard in voice notes always show as “check” to the teacher.,الدرجات المسموعة في الملاحظات الصوتية تظهر للمعلّم دائمًا بعلامة «راجِع».,A16 People (pilot) | Quick guide: owner,most days,
owner.pilot.voiceSignedOn,Signed {date},موقّعة بتاريخ {date},A16 People (pilot) | Quick guide: owner,most days,
owner.activity.access,Access,الصلاحيات,A17 Activity,now and then,
owner.activity.all,All,الكل,A17 Activity,now and then,
owner.activity.cantEdit,This log can't be edited,هذا السجل لا يمكن تعديله,A17 Activity,now and then,
owner.activity.cantEditBody,"Entries are append-only. Corrections add a new entry and keep the original, so owners can always see who changed what and why.",الإدخالات تُضاف فقط. التصحيح يضيف إدخالًا جديدًا ويحتفظ بالأصل، فيرى المالك دائمًا مَن غيّر ماذا ولماذا.,A17 Activity,now and then,
owner.activity.corrections,Corrections,التصحيحات,A17 Activity,now and then,
owner.activity.followups,Follow-ups,المتابعات,A17 Activity,now and then,
owner.activity.messages,Messages,الرسائل,A17 Activity,now and then,
owner.activity.records,Records,السجلات,A17 Activity,now and then,
owner.activity.subtitle,"Every record, follow-up, message and access change — in one log that cannot be edited.",كل سجل ومتابعة ورسالة وتغيير صلاحية — في سجل واحد لا يمكن تعديله.,A17 Activity,now and then,
owner.activity.title,Activity history,سجل النشاط,A17 Activity,now and then,
owner.activity.today,Today,اليوم,A17 Activity,now and then,
owner.activity.week,This week,هذا الأسبوع,A17 Activity,now and then,
owner.activity.weekCorrections,corrections,تصحيحات,A17 Activity,now and then,
owner.activity.weekFollowUps,follow-ups opened,متابعات فُتحت,A17 Activity,now and then,
owner.activity.weekOutcomes,contact outcomes recorded,نتائج تواصل سُجّلت,A17 Activity,now and then,
owner.activity.weekRecords,records confirmed,سجلات مؤكَّدة,A17 Activity,now and then,
teacher.history.addCorrection,Add a correction,أضف تصحيحًا,T13 Records history,now and then,
teacher.history.by,"Corrected by {name}, {date}",صحّحه {name}، {date},T13 Records history,now and then,
teacher.history.confirmed,Confirmed,مؤكَّد,T13 Records history,now and then,
teacher.history.confirmedBy,Confirmed by {name},أكّدته {name},T13 Records history,now and then,
teacher.history.corrected,Corrected,مصحَّح,T13 Records history,now and then,
teacher.history.correctionLine,{field} changed for {name}: {old} → {new},تغيّر {field} لـ{name}: {old} ← {new},T13 Records history,now and then,
teacher.history.correctTitle,Correct the record of {date},تصحيح سجل {date},T13 Records history,now and then,
teacher.history.draft,Draft — not confirmed,مسودة — غير مؤكَّدة,T13 Records history,now and then,
teacher.history.draftNote,Rules won't run until you confirm.,القواعد لن تعمل قبل التأكيد.,T13 Records history,now and then,
teacher.history.field,What to correct,ما الذي تصحّحه,T13 Records history,now and then,
teacher.history.fieldAttendance,Attendance,الحضور,T13 Records history,now and then,
teacher.history.fieldObservation,Observation,الملاحظة,T13 Records history,now and then,
teacher.history.fieldParticipation,Participation,المشاركة,T13 Records history,now and then,
teacher.history.fieldScore,Score,الدرجة,T13 Records history,now and then,
teacher.history.hint,Need to fix something? Open the record and add a correction. Nothing is overwritten.,تحتاج تصحيح شيء؟ افتح السجل وأضف تصحيحًا. لا يُمسح شيء.,T13 Records history,now and then,
teacher.history.needAll,"Pick the student and the field, and give a reason.",اختر الطالب والحقل واكتب السبب.,T13 Records history,now and then,
teacher.history.newScore,New score (out of {max}; now {current}),الدرجة الجديدة (من {max}؛ الحالية {current}),T13 Records history,now and then,
teacher.history.newValue,New value,القيمة الجديدة,T13 Records history,now and then,
teacher.history.noScores,No scores,بلا درجات,T13 Records history,now and then,
teacher.history.originalKept,Original kept in the history,الأصل محفوظ في السجل,T13 Records history,now and then,
teacher.history.reasonHelp,e.g. Typing error,مثال: خطأ في الكتابة,T13 Records history,now and then,
teacher.history.reasonLabel,Reason (required),السبب (مطلوب),T13 Records history,now and then,
teacher.history.resolvedByCorrection,resolved by correction,انتهى بتصحيح,T13 Records history,now and then,
teacher.history.saveCorrection,Save correction,حفظ التصحيح,T13 Records history,now and then,
teacher.history.scoresSet,"{count, plural, one {{n} score} other {{n} scores}} • {title}","{count, plural, zero {بلا درجات} one {درجة واحدة} two {درجتان} few {{n} درجات} many {{n} درجة} other {{n} درجة}} • {title}",T13 Records history,now and then,
teacher.history.student,Student,الطالب,T13 Records history,now and then,
teacher.history.subtitle,Your session records • Corrections keep the original,سجلات حصصك • التصحيحات تحتفظ بالأصل,T13 Records history,now and then,
teacher.note.needTopicAndText,Pick a topic and write the note.,اختر موضوعًا واكتب الملاحظة.,T11/T12 Student,now and then,
teacher.note.save,Save note,حفظ الملاحظة,T11/T12 Student,now and then,
teacher.note.suggest,Suggest for a parent update,اقتراح لرسالة ولي الأمر,T11/T12 Student,now and then,
teacher.note.suggestDesc,"Goes to centre staff, who review and rewrite it before any message. Never to the parent directly.",تذهب للإدارة لتراجعها وتعيد صياغتها قبل أي رسالة. لا تصل لولي الأمر مباشرة.,T11/T12 Student,now and then,
teacher.note.suggestedStatus,Suggested for a parent update • Centre staff reviewing,مقترحة لرسالة ولي الأمر • الإدارة تراجعها,T11/T12 Student,now and then,
teacher.note.text,Note (up to 500 characters),الملاحظة (حتى ٥٠٠ حرف),T11/T12 Student,now and then,
teacher.note.title,Note about {name},ملاحظة عن {name},T11/T12 Student,now and then,
teacher.note.topic,Topic,موضوع الملاحظة,T11/T12 Student,now and then,
teacher.note.visibilityInternalDesc,Internal. Never sent to a parent automatically.,داخلية. لا تُرسل لولي الأمر تلقائيًا.,T11/T12 Student,now and then,
teacher.note.whoSees,Who can see it?,مين يقدر يشوفها؟,T11/T12 Student,now and then,
teacher.student.addNote,Add note,أضف ملاحظة,T11/T12 Student,now and then,
teacher.student.attendance,Attendance,الحضور,T11/T12 Student,now and then,
teacher.student.attended,Attended,الحضور,T11/T12 Student,now and then,
teacher.student.comparable,Comparable,قابلة للمقارنة,T11/T12 Student,now and then,
teacher.student.latestScore,Latest score,آخر درجة,T11/T12 Student,now and then,
teacher.student.moreResults,More comparable results are needed before showing a trend.,نحتاج نتائج أكثر قابلة للمقارنة قبل عرض أي اتجاه.,T11/T12 Student,now and then,
teacher.student.noNotes,No notes yet.,لا توجد ملاحظات بعد.,T11/T12 Student,now and then,
teacher.student.notes,Notes,الملاحظات,T11/T12 Student,now and then,
teacher.student.notesTitle,Notes,الملاحظات,T11/T12 Student,now and then,
teacher.student.recordedSessions,Recorded sessions,الحصص المسجَّلة,T11/T12 Student,now and then,
teacher.student.sameSeries,Only results from the same assessment series are compared.,تتم المقارنة بين نتائج السلسلة نفسها فقط.,T11/T12 Student,now and then,
teacher.student.thisMonth,This month,هذا الشهر,T11/T12 Student,now and then,
teacher.student.title,Student,الطالب,T11/T12 Student,now and then,
owner.pilot.colActions,Actions,إجراءات,A16 People (pilot),now and then,
owner.pilot.colPin,PIN,الرمز,A16 People (pilot),now and then,
owner.pilot.colVoice,Voice consent,موافقة الصوت,A16 People (pilot),now and then,
owner.pilot.confirmRemove,Confirm: remove access,تأكيد: إلغاء الوصول,A16 People (pilot),now and then,
owner.pilot.newPin,Set a new PIN,رمز جديد,A16 People (pilot),now and then,
owner.pilot.pinNotSet,Not set,غير محدد,A16 People (pilot),now and then,
owner.pilot.pinOnce,Give this PIN to them in person. It is not shown again.,سلّم هذا الرمز للشخص بنفسك. لن يظهر مرة أخرى.,A16 People (pilot),now and then,
owner.pilot.pinSet,Set,محدد,A16 People (pilot),now and then,
owner.pilot.pinTitle,PIN for {name},رمز {name},A16 People (pilot),now and then,
owner.pilot.profileUnknown,The speech service is not answering yet. Try again in a minute.,خدمة التعرّف على الكلام لا تستجيب بعد. حاول مرة أخرى بعد دقيقة.,A16 People (pilot),now and then,
owner.pilot.removed,Access removed,أُلغي الوصول,A16 People (pilot),now and then,
owner.pilot.voiceNeedsConsent,Record the signed consent first,سجّل الموافقة الموقّعة أولًا,A16 People (pilot),now and then,
owner.pilot.voiceNone,Not signed,غير موقّعة,A16 People (pilot),now and then,
owner.pilot.voiceOff,Voice off,الصوت متوقف,A16 People (pilot),now and then,
owner.pilot.voiceOn,Voice on,الصوت مفعّل,A16 People (pilot),now and then,
owner.pilot.voicePauseConfirmBody,Teachers will type their notes. Voice notes that are still waiting are deleted and never processed. Notes already processed stay as they are.,سيكتب المعلّمون ملاحظاتهم. الملاحظات الصوتية التي ما زالت تنتظر تُحذف ولا تُعالَج. الملاحظات التي عولجت تبقى كما هي.,A16 People (pilot),now and then,
owner.pilot.voicePauseConfirmTitle,Switch voice off for every teacher?,إيقاف الصوت لكل المعلّمين؟,A16 People (pilot),now and then,
owner.pilot.voicePausedBody,"Voice notes are off for everyone since {date}. Notes that were waiting were deleted, not processed. Teachers type their notes.",الملاحظات الصوتية متوقفة للجميع منذ {date}. حُذفت الملاحظات التي كانت تنتظر ولم تُعالَج. يكتب المعلّمون ملاحظاتهم.,A16 People (pilot),now and then,
owner.pilot.voicePerTeacher,"Voice is off by default. Switch it on per teacher, after recording the teacher's signed consent.",الصوت متوقف افتراضيًا. شغّله لكل معلّم على حدة، بعد تسجيل موافقته الموقّعة.,A16 People (pilot),now and then,
owner.pilot.voiceSigned,Signed,موقّعة,A16 People (pilot),now and then,
owner.pilot.voiceTurnOff,Switch voice off,إيقاف الصوت,A16 People (pilot),now and then,
owner.pilot.voiceUnavailable,Voice notes are not set up on this laptop. Teachers type their notes.,الملاحظات الصوتية غير مُعدّة على هذا اللابتوب. يكتب المعلّمون ملاحظاتهم.,A16 People (pilot),now and then,
owner.staff.active,Active,نشط,A16 People (pilot),now and then,
owner.staff.colName,Name,الاسم,A16 People (pilot),now and then,
owner.staff.colRole,Role,الدور,A16 People (pilot),now and then,
owner.staff.colScope,Scope,النطاق,A16 People (pilot),now and then,
owner.staff.colStatus,Status,الحالة,A16 People (pilot),now and then,
owner.staff.count,"{count, plural, one {{n} staff member} other {{n} staff members}}","{count, plural, zero {لا يوجد موظفون} one {موظف واحد} two {موظفان} few {{n} موظفين} many {{n} موظفًا} other {{n} موظف}}",A16 People (pilot),now and then,
owner.staff.roleOwner,Owner,المالك,A16 People (pilot),now and then,
owner.staff.roleReception,Admin / Reception,الإدارة / الاستقبال,A16 People (pilot),now and then,
owner.staff.roleTeacher,Teacher,معلّم,A16 People (pilot),now and then,
owner.rule.low_participation,Low participation,مشاركة منخفضة,A07 Rules,now and then,
owner.rule.repeated_concern,Same concern three times,تكرار الملاحظة نفسها,A07 Rules,now and then,
owner.rule.score_decline,Comparable score decline,تراجع الدرجات القابلة للمقارنة,A07 Rules,now and then,
owner.rules.allGroups,All groups,كل المجموعات,A07 Rules,now and then,
owner.rules.approved,Approved: the new version applies now.,تمت الموافقة: الإصدار الجديد مُطبَّق الآن.,A07 Rules,now and then,
owner.rules.demoGroup,Secondary 2 · Maths,الثاني الثانوي · رياضيات,A07 Rules,now and then,
owner.rules.example,Example explanation,مثال على التفسير,A07 Rules,now and then,
owner.rules.off,Off,متوقفة,A07 Rules,now and then,
owner.rules.on,On,مفعّلة,A07 Rules,now and then,
owner.rules.param.count,Times,عدد المرات,A07 Rules,now and then,
owner.rules.param.drop,"Drop (points, %)",التراجع (نقاط، ٪),A07 Rules,now and then,
owner.rules.param.k,Last results to check,عدد النتائج الأخيرة,A07 Rules,now and then,
owner.rules.param.m,Out of the last sessions,من آخر حصص,A07 Rules,now and then,
owner.rules.param.minScores,Minimum scores,الحد الأدنى للدرجات,A07 Rules,now and then,
owner.rules.param.n,Consecutive sessions,عدد الحصص المتتالية,A07 Rules,now and then,
owner.rules.param.windowDays,Within days,خلال أيام,A07 Rules,now and then,
owner.rules.pending,Change proposed — waiting for the owner,تعديل مقترح — بانتظار المالك,A07 Rules,now and then,
owner.rules.pendingBody,Proposed by {name} on {at}.,اقترحه {name} في {at}.,A07 Rules,now and then,
owner.rules.propose,Propose change,اقترح التعديل,A07 Rules,now and then,
owner.rules.proposed,Proposal sent to the owner.,أُرسل الاقتراح للمالك.,A07 Rules,now and then,
owner.rules.reject,Reject,ارفض,A07 Rules,now and then,
owner.rules.rejected,Proposal rejected.,تم رفض الاقتراح.,A07 Rules,now and then,
owner.rules.saved,Saved as a new version.,تم الحفظ كإصدار جديد.,A07 Rules,now and then,
owner.rules.saveVersion,Save as version {v},احفظ كإصدار {v},A07 Rules,now and then,
owner.rules.scope,Apply to,تُطبَّق على,A07 Rules,now and then,
owner.rules.scoreDeclineNote,Uses comparable assessments only (same subject and series). Off by default — the criteria need the centre to agree.,تستخدم التقييمات القابلة للمقارنة فقط (نفس المادة والسلسلة). متوقفة افتراضيًا — المعايير تحتاج موافقة المركز.,A07 Rules,now and then,
owner.rules.staffNote,Your change applies only after the owner approves it.,تعديلك يُطبَّق فقط بعد موافقة المالك.,A07 Rules,now and then,
owner.rules.subtitle,Transparent rules for your centre. A staff change is a proposal until the owner approves it.,قواعد واضحة لمركزك. أي تعديل من الموظفين يبقى اقتراحًا حتى يوافق المالك.,A07 Rules,now and then,
owner.rules.title,Rules & settings,القواعد والإعدادات,A07 Rules,now and then,
owner.rules.turnOn,Rule is on,القاعدة مفعّلة,A07 Rules,now and then,
owner.rules.version,Rule v{v},القاعدة الإصدار {v},A07 Rules,now and then,
